gloss,closs,cfloss,crloss,cploss
283.6964301665624,-59.8235831896464,-113.4158553784713,-78.90617256382635,132.49844311674437
1548.2183837890625,-236.0883961995443,-1361.121787516276,970.4266479492187,154.6067393620809
1919.4527994791667,-191.50993728637695,-1796.7880635579427,1450.6135498046874,154.66457461938262
1526.28955078125,-211.56155598958333,-1593.9301839192708,1246.4822428385417,135.88638504346213
1570.7873942057292,-207.05056864420573,-1524.3946533203125,1184.2285319010418,133.11555163065594
1338.085734049479,-182.76514790852863,-1369.9020345052083,1068.2607259114582,118.8761618932088
1246.2279052734375,-161.02623545328777,-1174.0929321289063,911.0973022460937,101.96939357121784
1124.9069010416665,-144.81295776367188,-1088.7331258138022,858.6824991861979,85.23766851425171
1372.8056640625,-118.50894775390626,-1034.7783955891928,842.5803192138673,73.68912702798843
1601.762980143229,-109.54328104654948,-1752.7266845703123,1580.0298990885417,63.15350453058879
1416.0814208984375,-90.96972147623698,-1404.854353841146,1266.0702473958331,47.81438477834065
1206.6940104166667,-74.30983835856121,-1229.5427897135417,1117.9459106445313,37.28704082965851
1204.1656901041667,-49.654702885945625,-958.1529932657877,883.6895507812501,24.808739403883614
1351.270263671875,-44.30007502237956,-1342.3448404947917,1279.9801513671875,18.064613898595177
1166.7799886067708,-34.92827936808268,-1198.7904622395833,1150.5500325520832,13.312150100866953
1034.982157389323,-30.02208760579427,-990.3270548502605,949.2889689127604,11.01599845290184
1015.2379150390625,-26.905729675292974,-1060.6811767578126,1024.8467081705728,8.928738842407862
743.7381998697916,-23.77453600565592,-992.2356343587239,960.512314860026,7.948783315718174
1144.7715657552083,-23.58927828470866,-1008.370009358724,977.342128499349,7.438602606455484
593.3279724121094,-22.28002103169759,-1014.2716740926107,984.6247978210449,7.3668552438418065
1120.072998046875,-23.049330520629887,-979.1249959309896,949.0113037109377,7.064361761013667
970.3734130859375,-22.243372599283855,-1027.0217163085936,997.5862915039063,7.19205250342687
925.65478515625,-19.328188323974608,-1010.7564046223958,985.5611979166666,5.867018416523933
728.564697265625,-21.265294392903645,-874.5350606282552,847.4142435709637,5.855522354443869
378.5401204427083,-20.254068183898926,-638.6597340901692,611.417758178711,6.987907887746889
1039.2370198567708,-19.89525604248047,-964.3709025065104,938.2552612304689,6.2203853602210675
617.7100575764974,-19.517493438720702,-643.1922561645508,617.9795567830404,5.695206135511398
1616.1343587239583,-17.283382225036622,-1389.4225748697916,1367.1922037760417,4.946988845864932
116.75837198893228,-15.169014930725096,127.5748209635417,-146.3760904947917,3.632254658266902
1497.7998860677083,-15.002128410339354,-1043.1024027506512,1022.8501973470052,5.250076962014039
1549.019327799479,-16.61032829284668,-1421.8180338541665,1400.90546875,4.302236785491308
1356.6431477864583,-16.029331334431966,-1289.1064778645832,1268.0113240559897,5.065822536436221
1653.9677734375,-17.17361348470052,-1691.5208984375,1670.0077636718752,4.339521194497744
1434.4998372395833,-16.858491325378417,-1491.525850423177,1469.8734903971356,4.793868633608024
1206.4370524088542,-17.423914337158205,-1280.5825276692708,1258.2450358072915,4.913577392697334
810.8956883748372,-16.343990643819176,-769.0792330423992,747.3458817799886,5.38936060667038
638.3124186197917,-17.632301076253256,-541.5073048909506,519.6457031250001,4.229300702611605
1181.797587076823,-17.035602569580078,-784.7115885416667,762.4574442545572,5.218541778624059
699.9819742838542,-17.177659797668458,-739.0536051432291,716.8685709635416,5.007374542454878
236.37170410156256,-16.919780985514326,-46.798210652669184,25.408794148763036,4.4696352779865265
1838.6688232421875,-16.82727667490641,-1572.482470703125,1550.72998046875,4.925213490923246
1191.3188883463542,-16.067996088663737,-1386.5216186523437,1365.8493367513022,4.604285657405853
1557.567138671875,-16.813104756673177,-1008.6791788736979,987.2597900390625,4.606284076968829
1903.0035400390625,-15.481215476989746,-1846.1334960937497,1826.0402994791666,4.611981141691407
1245.6063232421875,-15.9621727625529,-1353.9206705729166,1333.6821858723958,4.2763119240601855
1172.2861735026042,-16.806299463907877,-1201.5534505208334,1180.1218017578124,4.625349293152491
1661.604207356771,-15.455852635701497,-1376.195487467448,1356.7816446940103,3.957990003128846
1442.6050008138022,-14.373559697469076,-1276.090817260742,1258.00400390625,3.7132536837210255
1238.3683268229167,-15.06717332204183,-1365.63369140625,1346.7313151041665,3.8352029472589493
1356.9538167317708,-13.61472371419271,-1280.2454264322917,1263.1820068359375,3.448695927858353
-506.7258605957031,-11.550200589497882,318.5227474212646,-333.39447174072257,3.3215236545850835
-876.8556315104167,-12.02741305033366,859.4130381266277,-874.1374816894531,2.6970305182039738
725.3637161254883,-10.757615152994791,-46.42871228655179,33.115361277262366,2.5557358656078577
-464.5286661783854,-8.846194966634116,511.2839833577474,-522.568960316976,2.4387819971889257
921.6336263020834,-9.896572049458822,-637.9553298950195,625.8528689066569,2.205888944367568
466.3387044270833,-9.52968692779541,-471.930620320638,460.26357371012364,2.1373598699768386
581.9962113698323,-8.896872774759927,-424.27201321919756,413.48762944539385,1.8875109205643334
-321.2109832763671,-7.824497191111247,-202.01741358439128,192.00333201090493,2.1895843036472797
659.6686553955078,-7.16719258626302,-40.545132446289074,31.687170410156227,1.6907694824039936
960.9876505533855,-3.328144200642903,-860.466866048177,852.7899861653646,4.348735596363743
13.024414062499943,-7.194812901814779,-470.18000284830737,461.7001993815104,1.2849905441204708
605.0945920944214,-6.912458992004394,-515.9761128743489,507.51594441731766,1.5477094010760388
179.58737436930338,-6.9552370707194004,-388.6246973673503,380.1867405494054,1.4827197392781577
56.75982666015623,-5.693872197469076,142.63943430582682,-149.78633829752602,1.4530317969620228
13.081899007161468,-6.748394552866618,-193.6686201731364,185.2613010803859,1.6589244777957597
-15.495707194010407,-5.642326100667319,-254.3236028035481,247.6347820281983,1.046494704981645
-347.01055908203125,-6.058295345306397,348.1502573649089,-355.42310180664055,1.2145490907132626
153.14724731445312,-6.369831562042236,-330.6097951253255,323.02657623291014,1.213387315471967
381.14540608723956,-6.583777904510498,-206.26342468261714,198.01184310913087,1.6678036724527678
-268.731050491333,-4.5263572057088215,57.16718750000001,-63.25144367218017,1.5578989759087563
-116.58107503255212,-6.526844024658203,-37.53594080607098,29.958566538492846,1.050530175367991
399.9954274495443,-6.070782248179118,-275.9622662862142,268.4226830800374,1.4688009582459927
569.1398620605469,-6.971848519643148,-392.8733187357585,384.7306462605794,1.1708239025125902
-37.271611849466964,-6.670376427968343,-94.07135365804038,85.91316274007158,1.4878144847850006
307.44127400716144,-6.572636286417643,-572.4249809265137,564.5810621897378,1.271282460540533
75.58879597981772,-7.1131855964660655,-234.5062417348226,226.14763133128486,1.245424802104632
290.25534057617176,-7.767289638519287,-353.2217722574869,343.20916137695315,2.245321271320184
-313.10930379231775,-10.84717165629069,427.8577658971151,-440.9947228749593,2.2897851765155792
12.204981486002595,-12.76956386566162,20.139744822184248,-36.40807514190675,3.4987666482726727
-6.972625732421882,-11.762874698638916,-0.7266299565633005,-14.696928914387996,3.6606840988000235
-198.49803161621094,-16.204400825500485,277.82756729125975,-298.9750628153483,4.943094650904338
-213.41173299153644,-16.102389907836915,172.0608149210612,-193.44068450927733,5.2774796187877655
104.99875132242838,-17.961579259236654,42.568080329895004,-65.93500035603842,5.405340413252512
-54.852156003316246,-17.465988540649413,42.55636456807455,-65.33931007385253,5.31695681810379
-159.55487060546875,-17.367413012186688,91.58927828470866,-114.36536827087401,5.408677011728287
51.55020523071288,-18.694376182556155,19.0375963528951,-43.27354647318522,5.54157375295957
-44.764826456705734,-16.796830495198567,70.58335927327474,-92.75778223673503,5.377592504024506
-18.66788991292317,-19.113056437174478,20.140637207031254,-45.28155250549317,6.027858952681223
83.09566879272461,-18.80009047190348,-34.03308690388998,8.832325236002601,6.400671283404033
32.56866137186686,-20.091295623779295,-19.410968716939287,-7.080222288767496,6.399895280599594
-39.370445251464844,-18.766488011678057,4.131753603617349,-29.17350304921468,6.275261372327805
41.53679736455282,-19.787370173136395,-6.967507171630858,-19.404362058639524,6.58449904123942
58.348690032958984,-19.66917279561361,25.002014732360838,-51.08723811705907,6.4160503546396885
-19.178600311279297,-20.717608642578124,35.19719797770182,-62.73252894083659,6.817722419897715
-1.947205225626627,-20.19889132181803,40.255460802714026,-67.05535799662272,6.601005772749583
-64.53482055664062,-18.87230504353841,59.256182988484696,-84.12553838094075,5.997050414482753
6.190062522888184,-20.623014577229817,-0.4078220367431662,-27.17302649617195,6.957833786805471
-14.759668032328287,-20.38791300455729,29.696853892008463,-56.652898220221196,6.5681312084198
-71.55148824055989,-20.7409241994222,39.11570740540822,-66.67365112304687,6.817019581794739
-72.5055300394694,-20.036008199055992,75.54980036417643,-102.00995508829752,6.424146552880604
-68.21898587544759,-20.970602416992186,19.87136891682943,-47.892967136700946,7.050995767116547
-17.050640106201172,-21.244555918375653,39.019260533650716,-67.02604808807374,6.762231667836506
-46.61580340067546,-21.319280751546223,38.72245601812998,-66.68032595316569,6.6385890642801915
-44.39960289001465,-20.624640146891274,46.83644412358602,-74.14849789937338,6.687413305044174
-41.106161991755165,-22.026195907592772,38.38891843159993,-67.44606984456381,7.03095543384552
-46.659619649251304,-20.662755839029945,44.849728155136106,-72.29576372305552,6.783279846111933
-67.33639272054036,-21.177644093831383,25.265528758366905,-53.13798955281575,6.694816867510479
-54.47434647878011,-21.30616912841797,42.6862282594045,-70.7589954694112,6.766598284244537
-6.696438630421957,-21.250244649251304,19.706099796295163,-47.456679344177246,6.500335176785786
-16.662257075309753,-21.940412012736004,21.58500425020854,-50.35113716125488,6.825720489025116
-2.987826029459633,-21.311482747395836,28.085016886393227,-56.195557355880744,6.799057672421137
-10.722486495971681,-21.627687708536786,36.89682483673096,-65.24890327453613,6.7243909041086845
-26.595791498819988,-21.65812390645345,37.868171485265094,-66.25908711751302,6.732791980107626
-51.8906610806783,-21.45551389058431,46.285091559092194,-74.33538970947266,6.594784279664358
-22.068958123524986,-21.444864781697593,22.55271511077881,-50.62308413982391,6.625504354635875
-18.94711971282959,-21.341548029581705,37.72445211410522,-65.61388058662415,6.547880073388418
-34.583305994669594,-20.22328440348307,31.21257389386495,-57.75565232435863,6.3197942078113565
-31.869497299194336,-21.003527959187828,23.801612758636477,-51.297151692708326,6.492010851701101
-71.50197092692056,-20.697730382283527,30.132117414474486,-56.949171479543054,6.119323829809825
-30.697527726491295,-20.5769957224528,26.67078289985657,-53.82880414326986,6.58102542658647
-39.152795155843094,-19.752808125813804,44.947690916061404,-70.72263781229654,6.022138873736063
-39.071918487548835,-20.59801279703776,31.849625583489733,-58.562157440185544,6.114518543084463
-26.01162815093994,-20.57284927368164,40.35278278986613,-66.929798634847,6.004166603088379
-50.238253911336265,-20.44734369913737,37.13705959320068,-63.76339289347331,6.178989628950755
-19.63658587137858,-19.900263214111327,42.59302577972412,-68.50066197713217,6.007372935612997
-36.68923695882162,-20.47422536214193,41.77051035563151,-68.34884312947591,6.1041074593861895
-35.75686264038086,-19.5014155069987,58.77731361389161,-84.15648752848307,5.877758373816809
-49.98732376098633,-20.13485438028971,41.569113667805986,-67.39157307942708,5.687605053186417
-46.18667984008789,-19.575561650594075,62.376122538248694,-87.82548726399739,5.8738028307755785
-59.97592798868815,-19.393724314371745,44.88855717976888,-69.82072168986004,5.53844008843104
-65.97747294108072,-18.50978686014811,48.83038992881775,-72.80132268269857,5.461145559946696
-43.242033640543625,-19.27941411336263,43.10950558980306,-68.01542307535807,5.626503268877665
-44.14435068766276,-18.71125144958496,41.94225940704346,-65.99140701293946,5.3378962973753605
-39.32781346638997,-18.85425567626953,36.661529795328775,-60.786467488606775,5.270682056744893
-30.628740310668945,-18.537176513671874,32.597222646077476,-56.50006688435872,5.365667919317882
-32.29385693868001,-18.462008412679037,40.690818786621094,-64.37865041097005,5.225823243459066
-25.743822256724037,-18.271391423543292,38.49234307607015,-62.15469296773274,5.390958249568939
-48.69780095418294,-18.21579399108887,37.24655469258626,-60.33972803751628,4.877379397551219
-39.72689692179362,-18.307233428955076,28.876201136906943,-52.354121398925784,5.170686662197113
-37.69628143310547,-17.960730234781902,35.320967483520505,-58.27961603800456,4.99791810909907
-42.0501880645752,-17.980725224812826,34.501580746968585,-57.509288406372065,5.026982605457306
-40.55317815144856,-17.45867640177409,32.66576016743978,-54.93075205485026,4.806315789620081
-30.538281122843426,-17.457303873697917,33.697122446695964,-55.893715413411456,4.739289343357086
-32.007158279418945,-16.871280097961424,42.82252292633057,-64.20710703531901,4.513304005066554
-28.92494010925293,-16.998652712504068,32.3222853342692,-53.787485249837246,4.466547081867854
-40.11053466796875,-16.27657725016276,36.701521110534664,-57.43050804138184,4.45240972439448
-43.739959716796875,-16.23912130991618,45.90125350952148,-66.34721196492512,4.2068372170130415
-50.86235809326172,-16.06571896870931,35.00869115193685,-55.334287261962885,4.259877145290375
-25.88624127705892,-16.285401789347333,37.11685485839844,-57.689795939127606,4.287539124488831
-39.64446131388346,-16.068333307902016,34.05513261159261,-54.31645940144857,4.192993452151616
-34.81867599487305,-16.178808975219727,36.92513999938965,-57.339656066894534,4.23570700486501
-32.37170155843099,-16.550501505533855,36.44882685343425,-57.45280303955079,4.453474630912146
-33.4577439626058,-16.02619113922119,30.809786224365233,-50.98613815307618,4.150160749753317
-29.720557530721024,-16.225515683492027,31.9455924987793,-52.458229064941406,4.287120987971623
-31.068965276082356,-15.679469299316406,31.938559214274086,-51.545719909667966,3.9276915589968366
-27.428337732950844,-16.015141359965007,31.734708023071292,-51.88880233764649,4.138953010241191
-39.469788869222,-15.772009277343752,29.28202641805013,-49.127637990315755,4.07360220948855
-33.176259994506836,-15.832187080383303,41.60318431854248,-61.52554448445639,4.090173025925955
-33.126416524251304,-15.806031799316408,40.30813802083333,-60.39943313598633,4.285263220469156
-36.456189473470054,-15.823212369283038,36.65350608825683,-56.31777699788412,3.841058601935705
-29.38393719991048,-15.712051709493,32.10015818277995,-51.843171691894526,4.030961483716965
-40.53936767578125,-15.50587787628174,36.32594502766927,-55.838440958658865,4.006618092457453
-40.877815882364914,-15.192918650309245,39.48095143636068,-58.61854578653971,3.944675614436468
-33.34247334798177,-15.417846107482909,38.578823725382485,-57.853127034505206,3.8564571241537733
-27.85449473063151,-15.174669710795083,36.807945505778,-55.86415049235026,3.8815351327260332
-29.767545064290367,-15.329678789774576,34.12292264302572,-53.354210154215494,3.9016085763772335
-37.66883405049642,-14.968855794270834,36.47386735280355,-55.159295018514,3.7165719370047254
-29.36312484741211,-14.65723107655843,35.56211535135905,-53.82154006958008,3.6021935641765594
-39.547508239746094,-14.673556772867837,42.85705833435059,-61.370568084716794,3.8399529556433354
-29.643174489339195,-14.757143211364745,37.07861646016439,-55.42872365315755,3.5929639836152396
-30.900925318400066,-14.772044754028322,34.48658650716146,-52.876441192626956,3.61780991156896
-36.06404368082682,-15.058640734354654,34.97741495768229,-53.794820404052736,3.7587645649909973
-29.886981964111328,-14.933669980367025,34.63611996968587,-53.282311757405594,3.7125218013922376
-38.9299996693929,-14.573997370402019,43.59671490987142,-61.89504903157551,3.7243367582559586
-39.45192209879558,-14.576941363016765,42.27733357747396,-60.415552266438795,3.5612772901852923
-30.240310668945312,-14.65556723276774,41.38551279703776,-59.699038950602215,3.657958984375
-34.19372812906901,-14.175769933064778,35.82826830546061,-53.418237304687494,3.4141990045706434
-27.152177810668945,-14.268894068400066,36.78288688659668,-54.61613693237304,3.5643561482429504
-25.576219240824383,-14.025871276855469,29.75574620564779,-47.031957753499356,3.2503401041030884
-46.104759216308594,-13.79105135599772,45.9256487528483,-63.08017374674479,3.363473504781723
-32.14509582519531,-13.848275693257651,44.71065241495768,-61.909792582194015,3.3508645445108414
-28.887972831726074,-13.349932225545247,36.81326764424642,-53.42932993570963,3.266130010286967
-38.76456960042318,-13.427098592122395,41.59383824666341,-58.156403350830075,3.1354663968086243
-37.645751953125,-13.243675168355306,35.841332244873044,-52.17279917399088,3.0877917607625327
-37.83005777994792,-13.037775293986002,36.2340150197347,-52.41606241861979,3.1442720840374627
-37.407126108805336,-12.829141426086426,40.61411743164062,-56.529747263590494,3.0864883859952292
-37.54938888549805,-12.600671259562173,40.860730489095054,-56.26842549641927,2.807023723920186
-34.65344429016113,-12.404583358764647,32.82974573771159,-48.10841598510743,2.8740867376327515
-29.202511469523113,-12.513775253295897,37.111683019002285,-52.53507461547851,2.9096164604028063
-32.36712519327799,-12.561784172058104,35.357535425821936,-50.718962860107425,2.7996432185173035
-34.597599029541016,-12.318248430887857,32.45385182698568,-47.53256149291992,2.760461245973905
-41.11461639404297,-12.115198389689128,38.4612133026123,-53.33806215922037,2.7616505424181623
-31.082371393839516,-12.191865730285645,33.296779505411784,-48.2786989847819,2.7900537848472595
-32.89230092366537,-11.782978630065916,32.694074376424155,-47.182160441080725,2.705107475320498
-62.83768526713054,-11.584943707784017,40.18667634328206,-54.50765584309895,2.736035754283269
-40.9835147857666,-12.018643442789713,58.09073588053385,-72.77554448445638,2.666165192921956
-42.1302547454834,-11.927481079101561,46.763832092285156,-61.374420928955075,2.683107803265254
-44.43849245707194,-11.972880172729493,44.854528554280606,-59.490021514892575,2.662612626949946
-46.43849690755208,-11.612891642252603,46.45888748168945,-60.702857462565106,2.631078397234281
-43.15382321675619,-11.810508219401042,40.49591115315756,-55.0418207804362,2.73540128270785
-36.59509404500326,-11.925182978312176,45.90490010579427,-60.5399663289388,2.7098832031091056
-36.090197245279946,-11.765182240804036,36.02604662577311,-50.37968292236329,2.5884541471799216
-34.734424908955894,-11.762055842081708,45.01326058705648,-59.367610677083334,2.5922942409912744
-36.442454020182296,-11.803914642333984,42.14814300537109,-56.52191848754883,2.5698608458042145
-35.482126871744796,-11.513027636210126,37.74731521606445,-51.84006729125976,2.579724316795667
-31.76626968383789,-11.977191352844239,31.556744130452472,-46.15299936930339,2.619063824415207
-21.37073071797689,-11.117071978251138,34.26039110819499,-48.181374613444014,2.8039115207890672
-24.828447341918945,-11.303736241658529,26.379285812377926,-40.17314020792644,2.490118235349655
-22.166146914164226,-11.379735056559245,28.880180486043294,-42.60087458292644,2.340959106882413
-34.9162851969401,-11.490424601236978,34.96627769470214,-49.045177714029954,2.5884753863016767
-32.20565414428711,-11.643022537231445,33.04051062266032,-47.19506861368815,2.5115354855855307
-32.23982365926107,-11.50570011138916,32.185594940185545,-46.18756637573243,2.496271103620529
-44.94044748942057,-11.267831420898437,37.32246068318685,-51.03913892110188,2.448846896489461
-35.58380762736003,-11.651292419433595,39.27316716512044,-53.46925951639811,2.5447999040285745
-36.26009114583333,-11.16857992808024,40.54274876912435,-54.090849812825525,2.3795211166143417
-32.63738886515299,-11.45511271158854,36.27682558695476,-50.26032536824545,2.5283872187137604
-54.321922302246094,-11.342384147644044,40.40246092478435,-54.332350921630855,2.5875057975451154
-38.77093633015951,-10.981398391723634,36.17441495259603,-49.42672449747722,2.270911107460658
-35.25908342997233,-11.37289129892985,41.53594106038411,-55.37305908203125,2.464226648211479
-30.406049728393555,-11.257754770914714,36.767042541503905,-50.51406733194987,2.4892698725064597
-39.226263682047524,-11.29668731689453,36.87686462402343,-50.49751243591309,2.3239607016245523
-25.68468729654948,-10.88012301127116,27.315476926167804,-40.46310132344564,2.2675012722611427
-31.686480204264328,-11.405211385091146,31.278837839762367,-45.16175206502279,2.4777029554049177
-32.810306549072266,-11.3286771774292,35.796683375040686,-49.599613189697266,2.4742526908715563
-21.59598159790039,-11.034740320841472,29.59924443562826,-42.98315327962239,2.349168499310811
-38.225657145182296,-11.095543225606283,29.408954874674478,-42.791022872924806,2.2865248173475266
-24.581857681274414,-11.158950678507487,29.862635167439777,-43.33868255615234,2.317096710205078
-44.75662676493327,-10.989728291829426,38.90696957906087,-52.418198903401695,2.5215011288722353
-28.19644419352214,-11.529748026529948,32.85153834025065,-46.769101969401035,2.387815554936727
-29.784240086873375,-11.005899175008139,27.903810373942058,-41.21774775187174,2.3080382744471235
-32.94386291503906,-10.56517702738444,35.4471892674764,-48.86785748799642,2.85549125323693
-28.146691640218098,-10.836829694112142,39.72312965393067,-52.73453725179036,2.17457780862848
-47.87716738382975,-10.969308153788248,37.873633066813156,-51.07011286417643,2.227171614766121
-38.70907847086588,-11.129805692036946,41.18118947347005,-54.66761881510417,2.3566235204537707
-32.9709669748942,-10.748335393269857,39.799947865804036,-52.763449096679686,2.215165783961614
-25.185117085774742,-10.646627807617188,32.86246636708577,-45.871619415283206,2.3625252644220986
-31.422388712565105,-10.869254048665365,33.108332061767584,-46.084659067789715,2.107072974244754
-34.24443689982097,-10.69919662475586,32.62537167867025,-45.5062213897705,2.1816531320412955
-30.070920308430992,-10.893288866678873,30.891498057047524,-44.10501352945964,2.320226443310579
-40.569601694742836,-10.40622755686442,34.209004465738936,-46.66832758585612,2.0530954549709954
-29.777022679646812,-10.139588673909506,29.34673287073771,-41.7507516225179,2.264430197576682
-35.02026176452637,-10.515639877319336,33.05649426778158,-45.5217970530192,1.9496630181868873
-33.91363843282064,-10.754681650797526,34.107920519510905,-47.09714635213216,2.2345441232124963
-35.215460459391274,-10.27065830230713,28.223061370849607,-40.73459917704265,2.2408794164657593
-18.856813430786133,-10.990150133768717,25.6598653793335,-38.805181884765624,2.155166362722715
-30.186625162760414,-10.47760696411133,32.97248026529948,-45.575315729777024,2.125228300690651
-24.31658363342285,-10.496629651387533,29.228809611002607,-41.95853118896485,2.233091836174329
-17.8289155960083,-10.500479253133138,30.393516794840494,-43.02970453898112,2.1357083717981973
-61.59724044799805,-9.959969584147135,50.65154924392699,-63.01967112223308,2.408152349293232
-44.144466400146484,-10.553238932291666,44.82708155314128,-57.440635426839194,2.060314903656642
-33.117465337117515,-10.604646428426106,39.833538945515954,-52.58460896809896,2.146423468987147
-35.24929936726888,-10.424610964457194,41.44848047892253,-54.038354492187494,2.165262987216314
-30.796083450317383,-10.295469538370767,34.103861618042,-46.41744664510091,2.018115428586801
-30.191741943359375,-10.362064870198568,34.99091669718425,-47.44532012939453,2.092338631550471
-38.30986467997233,-10.155990155537925,36.55098584493001,-48.661626180013016,1.954650181035201
-30.91046142578125,-10.204171307881673,34.623572921752924,-46.953887685139975,2.1261436541875205
-35.49721018473307,-10.54743569691976,31.728166071573895,-44.26808293660482,1.9924811124801636
-29.135301431020103,-10.104081598917642,30.719631814956664,-42.906579335530594,2.0828659534454346
-41.33167012532552,-9.954045295715332,45.12555592854818,-57.08758188883464,2.0079806049664817
-29.6094487508138,-10.27344913482666,35.55391794840495,-47.97559687296549,2.1482299119234085
-37.022569020589195,-10.409120496114094,33.969912719726565,-46.4206662495931,2.041632945338885
-26.342486699422203,-10.257697741190592,32.827470525105795,-45.1828067779541,2.0976383313536644
-33.9582888285319,-10.292680422465008,33.170265197753906,-45.50614547729492,2.043199757734935
-24.859630584716797,-10.367822901407878,30.44184659322103,-42.86418571472168,2.0545160869757333
-31.589433670043945,-9.563295873006185,34.28512268066406,-45.89614334106445,2.047724813222885
-30.368992487589516,-10.22590357462565,29.236204401652017,-41.43947830200196,1.977370336651802
-27.93752352396647,-10.00860252380371,30.20088132222493,-42.201739629109696,1.9922556926806765
-36.763041178385414,-9.960053316752116,33.39438145955403,-45.27732836405436,1.9228936036427813
-25.122694969177246,-10.125108400980631,26.110848871866864,-38.22358194986979,1.9876246601343155
-26.524229685465496,-10.136889266967774,30.639477157592772,-42.739985656738284,1.9636192321777344
-31.77281697591146,-10.230967140197754,31.579059727986653,-43.82687835693359,2.016851390401522
-27.205403645833332,-10.31219170888265,27.54848607381185,-39.90555140177409,2.044873495896657
-40.48013051350912,-10.502655982971191,33.419673538208,-45.9505744934082,2.028244912624359
-22.310515085856117,-9.748499043782552,26.26223990122477,-37.99034830729167,1.9796094348033266
-27.781480153401695,-9.91093479792277,28.659333419799804,-40.6279488881429,2.05768071860075
-24.1051607131958,-10.098701540629069,24.348889541625976,-36.34826100667318,1.9006698230902352
-36.48563893636067,-10.381196594238283,34.51651725769043,-46.982287343343096,2.0845734725395837
-25.70011202494303,-10.27740701039632,24.79349632263184,-37.1201229095459,2.049219692746798
-26.203879674275715,-10.433610661824545,32.728115971883135,-45.26266187032064,2.1009350667397184
-26.891464869181316,-10.614003054300944,28.541637611389163,-41.32660166422526,2.1709609230359392
-35.65208435058594,-10.625585110982259,32.75561447143555,-45.4931401570638,2.1119406074285507
-26.114442825317383,-10.46673151652018,28.09292214711507,-40.84558715820313,2.2859334647655487
-30.204905192057296,-10.430764706929525,27.507801055908203,-39.93105850219726,1.9924926906824112
-33.301897048950195,-10.522593116760254,34.553124618530276,-47.15111414591471,2.075396498044332
-29.12898381551107,-10.354536374409992,34.91958669026693,-47.4192148844401,2.145091808090607
-18.641679604848225,-10.386083857218425,25.902403767903643,-38.386505635579425,2.0980179955561957
-24.526571909586586,-10.774115180969236,25.77263565063477,-38.65436464945475,2.107613737384478
-27.204238255818684,-10.681886863708495,26.69061838785807,-39.57053820292155,2.1980329652627306
-24.267879486083984,-10.597018686930339,26.806267038981122,-39.480808893839516,2.077523154517015
-22.244210243225098,-10.621880594889323,25.191694768269855,-38.04826838175456,2.234692926208178
-31.618408203125,-11.141656239827475,29.63721644083659,-42.94444198608399,2.1655694047609964
-29.420940399169925,-10.712215932210286,27.857607142130533,-40.74040857950847,2.1705854485432305
-25.312513351440426,-10.523248291015625,27.433721415201823,-40.039374160766606,2.0824045091867447
-34.070621490478516,-10.597010612487793,34.40436045328776,-47.16091054280599,2.1595395555098853
-22.402171452840168,-11.118651707967121,25.19371198018392,-38.57816149393717,2.265797734260559
-25.814085642496742,-10.62621587117513,20.641579246520998,-33.46415761311849,2.196362555027008
-27.413050333658852,-10.82346649169922,23.67209415435791,-36.571924972534184,2.076364422837893
-26.2122745513916,-10.600485547383627,28.34824460347493,-41.079987843831375,2.1312578320503235
-22.991201400756836,-10.79403247833252,22.774803670247394,-35.774138387044275,2.2053021490573883
-23.593242645263672,-10.608315404256185,22.926510747273763,-35.604104868570964,2.0692787120739617
-28.101094563802082,-10.7380526860555,26.820222473144533,-39.81890805562337,2.2606328825155897
-28.633734385172524,-10.466002782185871,25.22512957255045,-37.74775899251302,2.056626518567403
-26.155717213948567,-10.596846898396809,25.566401290893552,-38.235128275553386,2.0718801518281302
-21.56717872619629,-10.519505373636882,23.244827143351237,-35.877877680460614,2.1135452687740326
-27.833425521850586,-10.725810941060384,23.80932814280192,-36.772151692708334,2.2370126446088157
-25.885760625203453,-10.393463452657063,25.52859694163005,-37.919424819946286,1.9973644713560739
-23.995922724405926,-10.618490600585938,24.626953887939454,-37.3763074239095,2.130862981081009
-21.396252950032554,-10.398958396911622,21.96178229649862,-34.494720458984375,2.133979730308056
-19.881146748860676,-10.768049812316896,21.667046483357748,-34.57287317911784,2.1377768516540527
-21.167667388916016,-10.487345441182455,22.880899810791014,-35.51489486694336,2.1466496884822845
-19.435135205586754,-10.615336481730143,22.85907128651937,-35.56035283406575,2.0859450673063598
-17.958068529764812,-10.207434113820394,23.044177691141766,-35.276817576090494,2.025205872952938
-25.577301025390625,-10.378475761413574,19.02830123901367,-31.431500116984047,2.0247231125831604
-19.491400400797524,-10.366021156311037,19.215238444010417,-31.682229105631507,2.100969538092613
-21.201437632242836,-10.419647916158041,20.11742966969808,-32.441532135009766,1.904454713066419
-21.266685485839844,-10.020714569091796,21.505165545145672,-33.664233907063796,2.13835384324193
-18.834628423055015,-10.62602456410726,19.882300313313802,-32.58438733418783,2.0760624359051385
-19.2360471089681,-10.674095916748046,20.62518088022868,-33.38309936523438,2.083822737137477
-18.57965087890625,-10.336959393819175,18.282876523335773,-30.708009592692058,2.08817358314991
-24.45769691467285,-10.07059211730957,20.84226245880127,-32.88062896728515,1.9677743737896285
-17.548659324645996,-10.505828412373859,21.142254320780438,-33.692120234171554,2.0440374612808228
-17.505274454752602,-10.24770844777425,20.46215852101644,-32.713063430786136,2.0031963884830475
-18.210879643758137,-10.014406331380208,15.872976239522298,-27.956441752115886,2.0690590143203735
-18.102822621663414,-10.257586097717287,16.548375193277995,-28.808319346110025,2.0023581484953565
-21.55426597595215,-10.190722846984864,18.49982795715332,-30.653892771402994,1.9633420209089913
-16.81615606943766,-10.305014228820802,19.96735992431641,-32.272789382934576,2.0004152903954187
-13.741954167683918,-10.456956926981608,15.14403076171875,-27.723549397786456,2.1225616534550986
-13.836692492167156,-9.932083320617675,16.25577672322591,-28.066799036661784,1.8789389431476593
-13.351920763651531,-10.106655693054199,14.888900629679362,-26.978541056315102,1.982984821001689
-12.094972292582193,-10.02280076344808,12.312890942891439,-24.226944478352863,1.8912527114152908
-12.309148470560709,-10.294034576416015,15.395152028401693,-27.71378606160482,2.024599567055702
-13.751483599344889,-10.533471298217773,13.693760077158611,-26.353429158528648,2.126197981337706
-12.142541885375975,-10.332263310750326,13.430216280619305,-25.88899408976237,2.1265145540237427
-15.023928324381512,-10.30562063852946,12.75063050587972,-24.950668462117516,1.8944173256556192
-14.91072718302409,-10.798902384440105,12.270799954732258,-25.2792729695638,2.2095707058906555
-12.5582062403361,-10.479255867004394,13.675203514099122,-26.212888971964517,2.0584293951590853
-14.58668041229248,-10.614553833007811,13.298415565490721,-25.964911524454756,2.0519422938426337
-14.588008562723795,-10.48229128519694,13.520163249969482,-26.132591247558594,2.1301366438468294
-16.061464309692383,-10.236449178059898,12.12489585876465,-24.443743896484378,2.082399033010006
-11.688789049784344,-10.459629821777343,13.1551238377889,-25.686708958943683,2.0719552586476007
-11.969229380289713,-10.443512217203775,13.575241661071779,-26.04794718424479,2.0291933914025626
-10.85798199971517,-10.769893582661947,11.850019772847492,-24.861390940348308,2.24147758881251
-12.063467343648275,-10.671104367574056,12.415617624918621,-25.23726565043131,2.1505437195301056
-13.811157544453938,-10.73179194132487,12.002247111002603,-24.778812662760412,2.0447737127542496
-10.249485969543457,-10.649791272481282,12.014934984842936,-24.924531428019204,2.259805100659529
-12.807627360026043,-10.667127736409505,12.787228806813559,-25.61206868489583,2.1577120920022326
-10.894763310750326,-10.861074193318684,12.059871037801106,-24.98791872660319,2.06697353720665
-10.774195671081543,-10.68958568572998,11.360015455881756,-24.20908889770508,2.159487619996071
-8.817912578582764,-10.846830558776857,10.580804189046225,-23.61086514790853,2.1832303603490195
-9.54146973292033,-10.923067792256672,8.997672748565673,-22.264455286661782,2.3437146122256918
-8.88659922281901,-11.118976465861003,10.032835976282755,-23.444194666544593,2.2923821955919266
-9.625102043151855,-11.372775967915851,10.288765907287598,-23.99891421000163,2.337372270723184
-7.9259382883707685,-11.353320503234862,12.07271931966146,-25.882487614949547,2.456447849671046
-9.753140131632486,-11.352273686726889,10.531386343638102,-24.193913014729816,2.3102528701225915
-9.990499337514242,-11.300821367899577,9.459543832143149,-23.04964637756348,2.289281229178111
-10.227360725402832,-11.547465324401855,10.6991192817688,-24.700995127360024,2.4544106622536974
-10.475005785624186,-11.497901598612469,10.040460999806722,-23.95391057332357,2.4155478378136954
-10.978262901306152,-11.671734301249186,10.258741474151611,-24.465205001831052,2.5347291380167007
-9.139844735463459,-11.825357818603516,10.166331895192464,-24.46529998779297,2.4736102422078448
-13.079314231872559,-11.588245201110839,10.432379086812338,-24.508427174886066,2.487802719076474
-9.13207499186198,-11.787464586893718,10.1162491162618,-24.52749493916829,2.6237813979387283
-8.32691224416097,-12.002704048156737,9.48669376373291,-24.03331171671549,2.5439139008522034
-9.061808268229168,-11.762856165568035,10.326612377166748,-24.547117360432942,2.4576487243175507
-9.5686403910319,-11.461457697550454,10.492625935872397,-24.301380793253582,2.34729728102684
-10.166682879130047,-12.120077896118165,10.531006749471029,-25.22694053649903,2.575855776667595
-9.779451370239258,-11.673225084940592,10.630029042561848,-24.879178110758467,2.5759238600730896
-10.301166534423828,-11.81491896311442,9.910368919372559,-24.17132034301758,2.446032553911209
-8.832173029581707,-11.592633247375488,9.885008939107259,-23.948505592346187,2.470863456527392
-9.899503072102863,-12.107932345072427,9.963567256927492,-24.711365254720057,2.639865517616272
-8.31939188639323,-11.761474227905275,9.121132055918377,-23.328686523437497,2.446080277363459
-9.462477366129557,-11.925697898864748,8.555142625172932,-23.17269426981608,2.6918538163105645
-11.580577691396076,-11.83193473815918,7.973431142171224,-22.29150021870931,2.48613407711188
-8.958871523539225,-11.911004193623862,9.548220856984457,-24.06076545715332,2.601540346940358
-6.851982593536377,-12.168591944376626,9.861144638061523,-24.71847597757975,2.6887393593788147
-9.323086102803549,-12.085258165995281,9.007283051808674,-23.677033106486,2.584491739670436
-9.59088134765625,-12.206420834859212,9.486312866210938,-24.27323214213053,2.580498417218526
-10.699847221374512,-12.002810096740722,10.423856417338053,-25.219888814290364,2.793222313125928
-9.960635821024576,-12.284356117248535,10.287831751505534,-25.153600438435873,2.581412727634112
-9.052311579386393,-12.485773595174152,10.110752487182618,-25.35423990885416,2.757713715235392
-8.732403755187988,-11.647374280293782,8.940370559692383,-23.162284342447915,2.574539467692375
-10.313807487487793,-11.89250431060791,9.74558080037435,-24.139572143554688,2.5014870961507163
-10.524959564208984,-12.148236592610676,9.652984873453777,-24.4295285542806,2.6283071835835776
-9.08315340677897,-11.85966599782308,10.446418380737304,-24.95806490580241,2.6519805788993835
-8.37052059173584,-12.303113301595051,9.761693700154623,-24.686451975504557,2.621644973754883
-8.912092208862305,-11.978229395548503,11.347286287943522,-25.82542508443197,2.4999095698197684
-8.944560845692953,-12.213171132405598,10.255151271820068,-25.14390983581543,2.675587465365728
-8.069862524668375,-11.955372937520345,9.606451988220215,-24.161615244547527,2.5997902502616244
-10.202558199564617,-11.700207010904947,9.951714324951173,-24.14413185119629,2.4922104626893997
-10.589046796162922,-11.782055028279622,9.529732799530029,-23.81143480936686,2.4996469120184583
-10.248974482218426,-11.677348709106445,9.203192551930744,-23.45180015563965,2.5712587336699166
-11.263967831929524,-11.942263539632162,9.475746726989746,-23.949317296346024,2.531306852897008
-10.14035669962565,-11.868075625101726,9.784737014770508,-24.31466929117839,2.6618567456801734
-8.23995558420817,-11.91815725962321,9.363214015960693,-23.785920333862304,2.5045489966869354
-9.992826143900553,-11.812001927693686,10.149675846099854,-24.580089696248372,2.618411769469579
-6.637150923411051,-12.471688334147135,9.96792189280192,-25.175274912516272,2.735664774974187
-9.40535322825114,-11.966279284159343,9.798715623219806,-24.375112279256186,2.6101172367731733
-8.362709045410156,-11.934179941813152,10.400804551442464,-25.0918643951416,2.7568799008925757
-10.817145983378092,-12.196508280436198,10.088133080800375,-24.909019470214844,2.624378095070521
-9.512359619140625,-12.126584243774413,11.488726234436035,-26.412475331624346,2.797164966662725
-9.843811988830566,-12.238926378885903,10.944415664672851,-25.8706548055013,2.6873126427332563
-9.936641375223797,-12.129957262674967,10.963131364186605,-25.769780476888023,2.676691934466362
-9.128044287363688,-12.176857884724933,10.798736540476481,-25.846075693766274,2.8704813917477923
-10.963887214660645,-11.524036598205566,10.61682939529419,-24.553063456217448,2.4121974656979246
-9.191938559214275,-11.765312576293946,10.543900903066,-24.78950284322103,2.4802892555793123
-10.736306826273601,-12.02142187754313,10.47867333094279,-25.22100830078125,2.720912992954254
-12.467322667439777,-11.834332529703776,10.515644391377766,-24.875407918294272,2.525431056817373
-10.61903731028239,-12.281742095947266,9.958774375915528,-25.0889414469401,2.8484250406424207
-9.853798866271973,-11.92569802602132,10.74171225229899,-25.364969380696614,2.697558884819349
-9.069820086161295,-11.836556243896487,9.863899421691894,-24.26005554199219,2.559599901239077
-12.264914830525717,-11.756773853302002,10.607831255594888,-25.065759023030594,2.7011540681123734
-10.480338891347248,-12.018489583333333,9.459122912089029,-24.034052022298177,2.5564395288626356
-9.046003659566242,-12.033245531717936,9.980618572235107,-24.71567166646322,2.701807588338852
-8.954866727193195,-12.101983006795248,9.951018412907919,-24.646316274007162,2.593314881126086
-9.910456021626791,-11.99215971628825,10.105699984232587,-24.762393951416016,2.664534270763397
-11.163862546284992,-11.774098587036134,8.11765271027883,-22.509179878234864,2.617428719997406
-8.567717393239338,-11.967393620808918,9.489882119496663,-24.13638178507487,2.679105927546819
-5.9938117663065595,-11.998812739054362,8.594551658630373,-23.235988998413088,2.6426243782043457
-9.68699836730957,-11.985778172810873,9.048211383819579,-23.605228932698566,2.5712393671274185
-7.724305947621662,-11.917880439758301,8.903104305267334,-23.49043083190918,2.6694460809230804
-11.390223503112793,-11.920628229777018,8.596401055653889,-23.102503712972005,2.585474501053492
-9.106539090474445,-11.978423118591309,8.374671030044556,-23.02860171000163,2.6755074759324393
-6.970044294993082,-12.082497278849281,8.9003968556722,-23.71089769999186,2.728003631035487
-9.915523052215576,-11.786109415690104,8.350786781311035,-22.79968808492025,2.662791778643926
-7.798944632212321,-12.124877421061198,8.849823474884033,-23.627871576944987,2.6531708339850106
-7.981447378794352,-12.16519400278727,8.543491395314534,-23.439817301432292,2.731132000684738
-8.039564927419027,-11.902837689717611,9.108489672342937,-23.81308046976725,2.8017529745896654
-9.254517555236816,-11.926565806070963,8.526708348592122,-22.988411076863606,2.5351369480292
-8.017515182495117,-11.74564240773519,8.428077379862469,-22.99024543762207,2.816525803258022
-8.511642773946127,-12.064437166849773,7.445991929372152,-22.12502555847168,2.6145965456962585
-8.12139670054118,-11.856276003519694,8.457759062449137,-22.980494499206543,2.666459505756696
-8.620335896809896,-12.18771375020345,8.93684565226237,-23.734806950887045,2.6102475076913834
-9.26140022277832,-12.28472506205241,9.482007471720378,-24.681058883666992,2.914326379696528
-10.690865516662598,-12.360580380757652,9.366964022318522,-24.479354476928712,2.751810073852539
-12.279395580291748,-11.864745267232259,10.08558570543925,-24.85063966115316,2.900308718283971
-13.184835751851399,-12.06822052001953,11.328824349244435,-26.327778498331707,2.930733561515808
-8.40537166595459,-12.44043165842692,9.026759179433187,-24.210788599650066,2.743597726027171
-5.924128691355388,-11.920368576049805,8.868224080403646,-23.469809341430665,2.681216821074486
-6.126886367797852,-12.33282076517741,9.513001569112143,-24.619269625345865,2.7734473645687103
-8.207234859466553,-12.065773328145346,8.482730420430501,-23.386929957071942,2.8384260485569635
-11.049548467000324,-12.572740999857585,9.179765486717224,-24.557452265421553,2.804945806662242
-8.779551188151043,-12.369141578674318,9.587522379557292,-24.76204490661621,2.805381009976069
-7.87177069981893,-12.260942649841311,7.795022026697794,-22.823826853434245,2.767862324913343
-9.413727442423504,-12.231396865844726,9.53326555887858,-24.41973114013672,2.6550686955451965
-7.558888117472332,-12.892384401957194,9.359329509735108,-25.3077320098877,3.056018163760503
-8.064132849375406,-12.950969823201497,9.027304776509604,-24.827639389038083,2.8493647426366806
-8.996227264404297,-12.901154836018879,8.70817192395528,-24.55109411875407,2.9417671461900072
-10.461594581604004,-12.368037923177084,9.219493579864501,-24.409132639567055,2.821601192156474
-9.837830225626627,-12.73443915049235,8.050855445861817,-23.728921508789064,2.943626781304677
-10.383891423543293,-12.82039114634196,8.640571562449137,-24.321733601888024,2.8607708414395647
-9.683544158935547,-12.906424204508465,9.584319623311359,-25.533331298828124,3.042587588230769
-8.43258825937907,-12.826684188842775,8.735330041249593,-24.54061495463053,2.978600690762202
-8.065940856933594,-12.710782051086426,8.985925674438477,-24.47689463297526,2.7801867723464966
-7.094642003377279,-12.554496510823569,9.386213461558023,-24.705601882934573,2.764892021814982
-7.98123820622762,-12.795483462015788,8.362140719095866,-24.08407999674479,2.9264559646447497
-9.636391162872314,-12.66250254313151,8.302136373519899,-24.02697067260742,3.0623316566149392
-10.22895367940267,-12.86981029510498,9.828954188028971,-25.65845807393392,2.959693506360054
-11.706283569335938,-12.838265482584635,9.322954193751018,-25.04985287984212,2.8886332015196485
-8.415205001831055,-12.42712910970052,8.837722063064575,-24.173416900634766,2.9085657596588135
-10.977676391601562,-13.080541865030927,7.89700566927592,-23.967744064331054,2.9901966949303946
-6.940286636352539,-12.884499231974285,9.135964838663737,-24.908207702636723,2.8877436419328055
-8.516835530598959,-12.654991149902342,9.583090782165526,-25.040171432495114,2.8020894626776376
-8.966808636983234,-12.79864813486735,9.009425703684489,-24.68792864481608,2.879854798316955
-10.676085154215494,-12.660089937845868,8.321922334035238,-23.932275263468423,2.9502629240353904
-9.837997436523438,-12.94216054280599,9.451127084096274,-25.49459114074707,3.101303507884343
-4.524391492207846,-12.843983904520671,9.119634739557902,-24.810865783691405,2.8472470740477243
-10.527815500895182,-12.810246594746907,9.803557078043621,-25.557093938191734,2.9432902336120605
-9.255668322245281,-12.886814435323078,8.835866641998292,-24.641118876139316,2.9184378186861673
-10.17734400431315,-12.916623687744142,8.58982941309611,-24.494750849405925,2.98829777042071
-6.936154603958131,-13.052934519449868,8.815564187367759,-24.9706179300944,3.102119296789169
-8.881338278452557,-13.102836990356444,9.709861183166504,-25.79197603861491,2.979277789592743
-7.073715051015219,-12.772521591186521,9.314968045552572,-25.098278554280597,3.0107889374097185
-9.085004488627115,-12.981998189290366,9.56456511815389,-25.450246556599936,2.9036832054456077
-10.179618835449219,-12.542678006490071,9.444675413767497,-24.769390487670897,2.7820368011792502
-10.615769704182942,-13.20335210164388,9.199908224741618,-25.44611218770345,3.0428518851598105
-9.836013476053875,-12.791197204589844,8.22158284187317,-23.96540336608887,2.9526234765847525
-6.728536605834961,-13.1759521484375,8.610666020711262,-24.78847859700521,3.001860549052556
-9.859023094177246,-12.626768112182617,9.270698992411296,-24.806619771321614,2.909152587254842
-7.277645746866862,-12.83620351155599,9.170107777913412,-25.126056416829428,3.1197448472181954
-10.743528366088867,-12.76712220509847,8.7557892481486,-24.284537887573244,2.761626273393631
-8.636713027954102,-12.689011319478354,8.979535134633382,-24.654691060384117,2.9861445526281996
-8.930139700571695,-12.833142725626626,9.477439880371094,-25.102787272135416,2.792204747597377
-9.342317263285318,-12.410956700642902,8.995257345835368,-24.24539451599121,2.8391804496447244
-9.811613718668621,-12.675222587585452,8.301472504933674,-23.90254300435384,2.92584764957428
-8.860888163248697,-13.040790621439617,8.739566977818805,-24.835039901733396,3.0546822448571525
-8.519302368164062,-12.877517064412434,8.791675090789793,-24.550050099690754,2.880858014027278
-10.528451283772787,-12.812294896443685,8.688747231165568,-24.444915008544925,2.943872854113579
-8.403948942820232,-12.808537356058757,8.408310794830323,-24.086523056030273,2.869674801826477
-8.102989832560223,-13.204495175679524,7.880409876505535,-24.20718650817871,3.1222816705703735
-10.28116257985433,-13.03454926808675,9.146245940526327,-25.110615666707353,2.9298202196757
-10.22634728749593,-12.93548323313395,9.05867665608724,-25.039043426513672,3.044883300860723
-7.405020078023274,-13.17941493988037,8.716892051696778,-24.992891947428383,3.096584767103195
-10.378117561340332,-12.969661458333334,8.890459346771241,-24.877540334065756,3.0174195369084678
-10.462830861409506,-12.629188664754231,8.060256067911784,-23.707746251424155,3.018301546573639
-8.509690443674724,-13.12767531077067,9.182405265172322,-25.29769910176595,2.9876188039779663
-9.365875244140625,-12.79023068745931,8.547232151031494,-24.281353378295897,2.943890670935313
-7.1308506329854335,-13.025608444213866,9.217289765675861,-25.16988093058268,2.9269828100999193
-7.673471927642822,-13.185235913594564,8.8947203318278,-25.164391454060873,3.084434946378072
-9.625611146291096,-13.177532895406088,8.974305852254233,-25.259252802530924,3.107414265473684
-8.5595703125,-13.260809071858722,8.656519603729247,-24.996260070800787,3.078931411107381
-8.502771059672037,-13.15642261505127,8.391367403666179,-24.647498067220052,3.099708159764608
-9.724122047424316,-13.279913457234699,9.130197970072429,-25.47913703918457,3.069025605916977
-8.744871775309244,-13.081128629048665,8.407116317749024,-24.63947372436523,3.1512290934721627
-9.505026181538899,-13.083324940999349,8.71628074645996,-24.74509646097819,2.9454908470312753
-10.428050994873047,-13.089813931783038,8.843293190002441,-24.963907623291014,3.030800382296244
-6.776878356933594,-13.276197878519696,8.167710892359414,-24.61263160705567,3.1687228182951603
-7.307650883992514,-13.13577702840169,8.499600489934286,-24.683537546793623,3.048160011569659
-8.974199295043945,-13.396269671122234,9.016056919097899,-25.489214833577474,3.0768879155317945
-9.863437016805012,-13.28118413289388,9.094944063822428,-25.468281428019207,3.0921532213687897
-9.73944060007731,-13.328868548075357,8.671274280548095,-25.27550163269043,3.2753586769104004
-7.448069731394449,-13.342495346069338,8.219671694437663,-24.565304438273113,3.003137449423472
-8.901216506958008,-13.258659299214681,8.52607084910075,-24.992043813069664,3.2073135177294416
-9.549851099650066,-13.483750661214195,8.947963301340739,-25.445409520467123,3.0136954188346863
-8.124847571055094,-13.660770797729493,8.627608823776246,-25.591983540852862,3.303604056437811
-8.06113052368164,-13.353840001424153,8.005888907114665,-24.468910471598306,3.1091815332571664
-9.536980628967285,-13.346419779459636,8.870060094197592,-25.352910868326823,3.136430894335111
-8.405184427897137,-13.503003247578938,9.11031592686971,-25.805166498819986,3.1918471554915104
-5.98389991124471,-13.702588335673013,8.487395445505777,-25.47166137695313,3.2816774249076843
-8.85704517364502,-13.454548454284666,8.278705406188966,-24.88876406351725,3.1555102566877995
-9.421472549438477,-13.713436444600424,8.506811205546061,-25.40789705912272,3.1876493394374847
-8.239868640899658,-13.708588155110675,9.164041487375895,-26.273996607462568,3.4013669192790985
-8.450984001159668,-13.666236495971681,8.3122243642807,-25.140586853027344,3.162125825881958
-8.725362777709961,-13.547499402364096,8.351967843373616,-25.12179527282715,3.2223275999228154
-10.433286190032959,-13.764621353149415,9.075262228647867,-26.087814331054688,3.2479306062062583
-8.646980285644531,-13.461880683898926,7.948415644963582,-24.704253514607743,3.293957044680914
-8.400085131327312,-13.65242716471354,8.621893978118896,-25.553182220458982,3.278860996166865
-8.877669493357342,-13.587933794657388,9.22711509068807,-25.970565541585287,3.1555167337258654
-12.125574429829916,-13.572706476847332,9.335476716359455,-26.136395517985026,3.2282125179966292
-8.287582238515219,-13.793978055318195,8.25106201171875,-25.41381009419759,3.3687700629234314
-8.59860610961914,-13.731638209025064,8.262701225280763,-25.295067977905276,3.300728514790535
-8.098054885864258,-14.043718338012695,8.900997161865234,-26.418248621622723,3.473533143599828
-9.572452227274576,-13.84886220296224,8.524624633789061,-25.82050272623698,3.447015891472498
-9.372107187906902,-13.95204334259033,9.613762950897216,-26.847742335001627,3.2819362481435137
-9.37354850769043,-13.650131352742513,8.903570652008057,-25.873001607259116,3.3192994097868604
-9.243243217468262,-14.01685473124186,8.636662260691326,-25.989331436157226,3.3358146150906878
-7.77449893951416,-13.940892791748048,8.383855597178142,-25.615568033854167,3.2908195058504743
-7.564719200134277,-13.984691111246743,9.254233105977377,-26.73661905924479,3.4976948300997415
-7.713867823282877,-14.269863446553547,8.660733731587728,-26.471230316162107,3.5406331717967987
-10.737753868103027,-14.09531021118164,8.569407335917155,-26.038990020751953,3.3742724160353337
-8.46934445699056,-13.92061030069987,9.197613271077474,-26.46086832682291,3.3426446616649628
-9.735040982564291,-13.693720690409341,8.728921302159627,-25.82131996154785,3.39867823322614
-7.627326647440592,-14.001698430379232,8.554696337381998,-25.86313247680664,3.3067375222841897
-6.5195244153340655,-14.361912155151366,9.353767331441244,-27.255563227335614,3.5398836334546404
-11.110793431599934,-13.658488718668618,8.82177759806315,-25.679284286499026,3.199017961819967
-9.242374738057453,-14.308979479471843,8.678380139668782,-26.71631228129069,3.728952844937642
-8.029412587483725,-14.20990416208903,8.667613474527995,-26.19609336853027,3.3185758392016096
-7.3820288976033535,-13.724822552998862,8.711370436350505,-25.761475626627607,3.3252823054790497
-8.017557144165039,-13.896621322631837,8.358813540140787,-25.618792978922524,3.3633582194646197
-8.716236114501953,-14.279215558369952,8.743400637308756,-26.450715637207033,3.4280991554260254
-8.202937444051107,-14.133610725402832,8.449038124084472,-26.00933443705241,3.4266856412092848
-7.856323560078939,-14.318942960103353,8.482470607757568,-26.372935231526696,3.5715217789014178
-7.563510258992514,-14.388213475545246,8.498185284932454,-26.492905807495116,3.606507072846095
-8.282301266988117,-14.269585673014323,9.000451151529948,-26.784090805053708,3.5140542685985565
-7.568894227345785,-14.785425059000652,9.044072278340659,-27.512368901570635,3.6828718086083727
-9.211439768473307,-14.394515291849773,9.007545439402262,-26.838943608601888,3.4368828137715663
-6.954036394755046,-14.25131689707438,8.554000266393025,-26.514579010009765,3.7092618842919665
-8.956796646118164,-14.252764129638674,8.895326773325602,-26.566629536946614,3.418538451194763
-6.347174644470215,-14.821561940511067,8.950116777420044,-27.480838139851883,3.709159602721532
-8.942651430765787,-14.850452995300294,9.591666920979819,-28.1474967956543,3.7053769429524737
-7.708589394887288,-14.881295013427735,8.900136693318684,-27.63487904866536,3.853447238604228
-8.282281716664631,-14.559766832987467,9.13623530069987,-27.188383865356446,3.4923817416032152
-8.982837041219074,-14.420295715332035,9.067121219635009,-27.10889460245768,3.621477822462718
-8.15708033243815,-14.3211550394694,9.198590405782065,-27.292730331420895,3.7729846735795336
-9.484404881795248,-14.462440109252931,8.532533804575602,-26.38602612813314,3.3910520374774933
-7.705485820770263,-14.66300614674886,8.76087210973104,-27.092799758911134,3.6689214905103045
-8.88983949025472,-14.35029633839925,8.135238774617513,-26.00605099995931,3.52051583925883
-9.93454424540202,-14.447342046101888,9.269734700520832,-27.277893066406254,3.560816317796707
-6.866099596023559,-14.806321271260579,8.961323801676434,-27.567766443888345,3.800121049086253
-8.260929425557455,-15.108519299825033,9.1204883257548,-28.000678380330402,3.771670748790105
-10.782181104024252,-14.913896814982095,9.161414972941081,-27.911310831705727,3.835999389489492
-8.925041993459066,-14.438638432820639,8.923517290751139,-27.012361145019533,3.6502054135004682
-8.363502820332844,-14.956053860982259,8.787934843699137,-27.44913469950358,3.7051460444927216
-9.247882048288982,-15.123971112569173,9.2377903620402,-28.23590888977051,3.874147405227025
-9.579117774963379,-14.718754577636718,8.091134389241535,-26.428845214843747,3.618955820798874
-9.547948360443115,-14.731911341349285,8.850581773122151,-27.23471654256185,3.652223388353984
-9.599226156870525,-14.782620239257811,8.431745926539104,-27.04926414489746,3.8348978360493975
-8.529585520426432,-15.147588094075523,8.181283378601075,-27.157441202799475,3.8285695513089495
-8.429929256439209,-14.715411440531412,8.139897314707438,-26.536895751953125,3.68158699075381
-9.17143980662028,-14.844235992431642,8.031035550435385,-26.568977483113606,3.6937057971954346
-7.05310328801473,-15.324690119425458,8.360640939076742,-27.607580947875974,3.9222497145334883
-8.607509295145672,-14.996652412414551,8.008222484588622,-26.81065610249837,3.8057814240455627
-7.284985542297363,-14.94119758605957,8.33065849939982,-27.048050944010416,3.7761947711308794
-7.079163551330566,-14.963602574666341,8.138017845153808,-26.798878224690753,3.6972580055395765
-8.569961865743002,-15.210929870605469,8.800390974680582,-27.958761088053386,3.947440514961878
-7.9198808670043945,-15.202065912882489,8.676495933532715,-27.66594619750977,3.7873842616875963
-7.867610931396484,-15.330095736185712,8.991913572947183,-28.313807551066084,3.9917980631192522
-9.026397387186686,-15.383209864298502,9.373169008890788,-28.644085566202797,3.887706696987152
-8.02936013539632,-15.143492825826009,8.96027119954427,-28.10998191833496,4.00621775786082
-10.576690673828125,-14.981213251749674,8.432161966959637,-27.075855509440103,3.662480354309082
-7.194224675496418,-15.38914941151937,8.976553344726561,-28.333822377522786,3.96811964114507
-7.341506481170653,-15.333393859863278,8.55601290067037,-27.938819885253906,4.04941283663114
-9.382817268371582,-15.539017105102538,8.116908407211305,-27.659383900960286,4.0034585396448765
-8.194042841593424,-15.472757466634114,8.243145370483399,-27.55740000406901,3.8414972623189287
-7.58423646291097,-15.37287686665853,8.272236824035645,-27.597643534342446,3.9525300959746037
-6.726985613505045,-15.608707745869953,8.676367886861165,-28.369836298624676,4.084760427474976
-7.927520116170248,-15.233036104838053,8.251021798451742,-27.531560262044273,4.047502398490906
-11.911420504252115,-15.187734413146972,9.269438775380452,-28.345797475179037,3.8886243005593624
-7.886343638102214,-15.70391362508138,8.993598715464275,-28.805173873901367,4.1076613664627075
-8.421862920125324,-15.704291343688965,8.959673341115316,-28.683701324462888,4.0197368661562605
-8.083450873692831,-15.681315930684406,8.964482752482096,-28.791183217366537,4.145384569962819
-7.422543207804361,-15.402208900451658,8.556620724995932,-28.062477111816406,4.103647589683533
-8.357103983561197,-15.834250831604006,8.40387487411499,-28.33247947692871,4.094353973865509
-9.359452247619629,-15.654670588175456,8.200926717122396,-27.89934590657552,4.043748378753662
-8.490918159484863,-15.625263722737628,8.350129763285318,-28.0519837697347,4.076590448617935
-8.64323886235555,-15.636967468261718,7.966120115915935,-27.737607828776042,4.134520471096039
-7.913240432739258,-15.714246368408201,8.432486375172934,-28.256065877278644,4.109332849582036
-8.2437957127889,-15.76118761698405,8.390937105814617,-28.400250498453776,4.248125612735748
-8.931308428446451,-15.84989776611328,8.771881866455077,-28.72791519165039,4.106135825316111
-8.597824414571127,-15.902386347452797,8.693206119537352,-28.809893163045253,4.214300761620203
-8.617325941721598,-15.69842135111491,8.346922683715821,-28.232940673828125,4.187596797943115
-8.53542423248291,-15.970008977254235,8.401103623708089,-28.489152908325195,4.1180408000946045
-8.227154095967611,-15.755513191223145,8.617321840922038,-28.569626617431638,4.196791370709737
-8.227882544199627,-15.636108462015788,7.923033873240153,-27.64723014831543,4.088087717692058
-6.727840105692547,-16.15273691813151,8.788916301727294,-29.276647313435873,4.334994037946066
-7.959185918172201,-15.756207974751792,7.574250888824462,-27.501042429606123,4.17058394352595
-7.166991551717122,-15.860655085245767,7.757718722025553,-27.716202036539713,4.097828288873036
-6.305840492248535,-15.744077237447105,8.56029462814331,-28.587986246744794,4.283614416917165
-7.48494545618693,-16.266173108418783,7.725194644927979,-28.237970606486,4.2466026643912
-9.112323125203451,-16.20595359802246,8.255875364939373,-28.770515823364256,4.308686892191569
-6.917526721954346,-16.01242446899414,8.110795307159425,-28.515684127807617,4.392464329799016
-6.562983671824138,-16.13036651611328,8.282966804504394,-28.860600535074873,4.447267134984334
-9.178560256958008,-16.041623624165855,8.128948211669922,-28.26314926147461,4.092578013737996
-8.736214955647785,-16.21761875152588,7.721169344584148,-28.274834569295248,4.336046586434047
-8.245206673940023,-16.06530768076579,8.15950371424357,-28.65267117818197,4.427860101064046
-8.538888454437256,-16.21201705932617,8.31856902440389,-28.867437744140624,4.3368518352508545
-7.387877623240152,-16.372013918558753,7.842387962341309,-28.531977462768552,4.317575633525848
-7.703072547912598,-16.465949058532715,8.177191384633382,-29.03293673197428,4.3897963762283325
-8.891059239705402,-16.1542994817098,7.674590841929119,-28.268083826700845,4.439193228880564
-8.829722086588541,-16.48072541554769,7.951104100545248,-28.91486892700195,4.483039180437724
-6.866353829701741,-16.266397666931155,7.872353808085124,-28.493711217244467,4.354959805806478
-7.170392990112305,-16.46184571584066,7.908185895284017,-28.721768569946292,4.351736764113109
-8.129875818888346,-16.426311810811363,8.152773602803547,-28.93327128092448,4.35418576002121
-7.457064151763916,-16.38503411610921,7.688401619593303,-28.649777984619142,4.576341887315114
-10.230581601460775,-16.367851575215656,8.359106643994648,-29.184886805216472,4.457928319772084
-4.5998969078063965,-16.423433430989583,7.52863813241323,-28.451857248942055,4.499785780906677
-9.150797526041666,-16.036277325948078,7.8916244665781665,-28.193521626790364,4.265619536240895
-7.069609959920248,-16.917629369099934,7.859786224365234,-29.253309758504237,4.475893934567769
-8.398558298746744,-16.509764607747396,7.50117727915446,-28.533513895670573,4.522571941216787
-6.7277027765909825,-16.270454216003415,7.612425978978474,-28.245463053385418,4.362582832574844
-5.88904333114624,-16.486240259806316,7.428274313608806,-28.385130055745442,4.470615277687709
-7.007529417673746,-16.506885528564453,7.536451594034831,-28.443484751383465,4.400147596995036
-7.679897467295328,-16.58729476928711,7.63173861503601,-28.8116746266683,4.592641433080037
-7.674591859181721,-16.81197115580241,7.520474783579509,-28.863120142618815,4.530674537022909
-7.520937442779541,-16.819062932332358,7.476276270548503,-28.768951797485343,4.473612328370412
-7.507230281829834,-16.93260777791341,7.277991898854573,-28.88172327677409,4.671124041080475
-7.084246635437012,-16.490512466430665,7.567056719462077,-28.665737024943034,4.608167608579
-8.225137790044148,-16.663346926371254,7.141425943374633,-28.303861872355142,4.499088605244955
-7.535261789957683,-17.089775975545248,7.030604139963787,-28.797557322184247,4.677177011966705
-4.9540657202402745,-16.822629992167155,7.192764441172281,-28.717024103800455,4.70162965854009
-7.083638588587444,-17.12345110575358,7.262866020202637,-29.134126027425125,4.747808992862701
-7.675259908040365,-17.080063756306966,7.379715951283773,-29.018725840250653,4.558946073055267
-4.789493799209595,-16.81313285827637,6.873793888092042,-28.460988998413086,4.774062752723694
-7.179061730702718,-17.27390333811442,6.793162647883097,-28.929949315389,4.862883269786835
-6.944703737894693,-16.71764914194743,7.698734013239543,-28.902179463704428,4.485796391963959
-6.247787475585938,-16.87085730234782,7.370178580284119,-29.137701670328777,4.896665543317795
-7.785098393758139,-17.179954274495444,7.2655920187632255,-29.140954081217448,4.695407609144846
-8.033151467641195,-17.114921951293947,7.148344739278157,-28.92671089172363,4.663444290558497
-6.484026908874512,-17.004504776000978,6.700568342208862,-28.435725529988606,4.730652570724487
-6.947071393330892,-17.10833689371745,6.767537689208984,-28.54134254455566,4.665468315283458
-6.943160851796468,-17.08080291748047,6.922319444020591,-28.855524190266927,4.852401713530223
-7.113127708435059,-17.201540565490724,7.068085352579754,-28.91234614054362,4.6427203218142195
-6.287258783976236,-17.392854181925458,7.229247315724691,-29.652351252237956,5.030250092347464
-7.51486873626709,-17.229671732584634,7.049064826965331,-29.196890894571943,4.918154199918111
-5.926204442977905,-17.54252421061198,7.164195871353149,-29.462139129638672,4.7554188668727875
-6.555880228678386,-16.973332405090332,6.933830102284748,-28.75915234883626,4.851989944775899
-7.718160152435303,-17.47446676890055,7.085901641845702,-29.378899510701494,4.8185312151908875
-7.601016203562419,-17.497117869059245,6.856082916259767,-29.22038853963216,4.8671876192092896
-8.670571645100912,-17.101628875732423,7.408576297760009,-29.304481506347656,4.794276138146718
-7.413142522176107,-17.135617446899413,7.027979135513306,-29.036778513590495,4.873181939125061
-4.437409996986389,-17.592922083536784,7.52631696065267,-30.013383102416995,4.894144217173258
-7.5849301020304365,-17.44447676340739,7.19991496404012,-29.550791041056314,4.906399269898732
-8.144327799479168,-17.38992125193278,6.857545455296834,-29.104776000976564,4.857308894395828
-7.376986185709636,-17.364856211344403,7.438201141357421,-29.69374682108561,4.890689512093862
-4.434649070103963,-17.678744252522787,7.031804323196411,-29.732168960571293,5.021620313326518
-5.8264671961466465,-17.532458496093753,7.388638337453206,-29.85321553548177,4.932118693987529
-4.342057148615519,-17.548477554321288,7.19038413365682,-29.734217707316084,4.995355884234111
-7.400543371836345,-17.37041072845459,7.185401185353597,-29.33564592997233,4.779834270477295
-5.260193268458048,-17.40119972229004,6.317461204528809,-28.68650957743327,4.967848579088847
-6.509014288584391,-17.529076894124348,6.810296312967936,-29.316010665893558,4.976637164751689
-6.908066590627035,-17.86679102579753,7.080158074696858,-29.922029495239258,4.975080370903015
-7.259498596191406,-17.30815029144287,6.420191446940104,-28.722935104370116,4.994593520959218
-4.717328707377116,-17.73799425760905,6.2429726123809814,-28.961300404866538,4.980333427588145
-6.981839656829834,-17.96286958058675,7.02152107556661,-30.274532063802084,5.290141463279724
-7.263057231903076,-17.743207232157392,6.69539238611857,-29.468220901489257,5.029621183872223
-6.082485993703206,-17.579427083333336,7.030022780100504,-29.48280932108561,4.873359640439351
-5.632160981496175,-17.595058377583822,7.223991250991821,-29.870159657796222,5.051109731197357
-7.204464276631674,-17.656489308675134,6.605281130472818,-29.348099644978845,5.086328705151876
-7.347774505615234,-17.96977399190267,6.485378710428875,-29.496451059977215,5.04129829009374
-4.983297824859619,-17.658526611328124,6.538699499766031,-29.20952974955241,5.012303431828816
-5.010296185811361,-18.057607905069986,7.1022890726725265,-30.334819793701172,5.174922903378804
-7.126020749409993,-17.674888865152997,6.7102896531422935,-29.477422968546556,5.092244456211725
-6.488360246022542,-18.051560783386233,6.329068438212076,-29.642765808105466,5.262136518955231
-7.835190137227377,-17.966633605957032,6.510486412048339,-29.377473576863608,4.900353372097015
-5.908890088399252,-17.979948425292967,6.9228117704391465,-30.15810546875,5.255345582962036
-8.21558952331543,-17.88303610483805,6.879743719100952,-29.93007939656576,5.167299767335256
-6.703912734985352,-17.89303569793701,6.23262848854065,-29.320729064941407,5.19506511092186
-4.800752242406209,-18.14524777730306,6.321950054168701,-29.722573343912757,5.255375683307648
-7.303521792093912,-17.938809076944988,6.95250940322876,-30.01495755513509,5.123639106750488
-4.86507527033488,-18.20232874552409,6.146320811907451,-29.518082173665363,5.169432699680328
-5.6714928944905605,-17.98142147064209,6.587548844019572,-29.74176076253255,5.17279052734375
-7.486528714497884,-17.757393709818523,6.7543319384257,-29.72723782857259,5.21551239490509
-5.744536558787027,-18.269446055094402,6.339624722798666,-29.806599553426107,5.197528461615245
-6.089975833892822,-18.260839716593424,6.277523358662924,-29.80027860005697,5.261915524800619
-7.702719688415527,-18.393925666809082,6.6766427199045815,-30.35813700358073,5.287568549315135
-3.911329507827759,-18.31207447052002,6.77776772181193,-30.600567881266276,5.510725458463033
-6.991957267125448,-18.06867307027181,6.53799950281779,-29.686432393391925,5.079760114351909
-4.231392701466878,-17.828572845458986,6.633962726593017,-29.629172515869136,5.16663674513499
-5.696379661560059,-18.202865219116212,6.015468152364095,-29.50925458272298,5.290921072165171
-5.764077027638753,-18.085293451944985,6.771290810902913,-30.03638979593913,5.1798055768013
-4.840768973032633,-18.265264383951823,6.1868785381317135,-29.749523035685222,5.297379851341248
-5.043790340423584,-18.107824579874677,6.62610445022583,-29.954793802897136,5.220865090688069
-5.2947007815043134,-18.286929766337074,6.566528193155924,-30.177827453613283,5.3243692715962725
-4.880684852600098,-18.188151168823243,6.586324230829875,-30.09566866556803,5.32119345664978
-4.560792366663615,-18.283837636311848,6.610584274927776,-30.289020538330078,5.394598791996638
-7.045964241027832,-18.596533203125002,7.05891097386678,-31.02628364562989,5.370839536190033
-5.327469984690348,-18.344682884216308,6.371893517176311,-30.083919016520184,5.367342670758566
-5.5006190935770665,-18.226359558105468,6.571436341603597,-30.0543228149414,5.256527165571848
-5.207483609517416,-18.37324097951253,7.1180149396260575,-30.900361506144208,5.409105191628138
-5.056907653808594,-18.278434626261394,6.266740814844766,-29.839501825968426,5.294326484203339
-5.460829416910807,-18.304059410095213,6.3728932221730545,-30.046616236368813,5.369663635889689
-5.509534041086832,-18.496086438496906,6.577677341302236,-30.381226476033525,5.307462652524313
-4.352795839309692,-18.15268274943034,6.35120145479838,-29.94116388956705,5.437279641628265
-6.558981100718181,-18.57740707397461,6.576301129659017,-30.55542310078939,5.401714901129405
-4.465776602427165,-18.739988835652667,6.450264517466227,-30.545233408610024,5.354980230331421
-6.44376786549886,-18.712817192077637,6.052742624282837,-30.23387184143067,5.468312044938406
-3.316009283065796,-18.532072067260742,6.132652155558269,-30.141704177856447,5.4769795934359236
-3.740013678868612,-18.393079312642413,6.407660722732544,-30.178037261962892,5.377297461032867
-6.836422284444172,-18.492499033610024,6.584448417027792,-30.314039993286134,5.237092594305674
-6.482888221740723,-18.497962697347003,6.050196758906047,-29.9239486694336,5.375789225101471
-5.26218589146932,-18.563367080688476,6.239245033264161,-30.319957987467447,5.51734588543574
-7.725618998209635,-18.572145589192708,6.257781505584717,-30.165220514933267,5.335293749968211
-7.038673082987467,-18.487396494547525,6.143002144495647,-30.09796447753906,5.467565933863322
-6.736995855967204,-19.08202247619629,5.831292915344239,-30.4960942586263,5.582778910795848
-6.454424619674683,-18.830718676249187,5.843386491139729,-30.1552978515625,5.4811928272247314
-5.492695172627767,-18.5537992477417,6.152392784754435,-30.311422093709307,5.6052301327387495
-5.097143014272055,-18.85293108622233,6.128213930130005,-30.550172932942715,5.569027781486511
-3.6476472218831377,-18.942294184366865,6.419238392512003,-31.02763277689616,5.666100323200226
-5.642010688781738,-18.91244570414225,6.35263090133667,-30.82118682861328,5.556110123793284
-6.855287869771321,-18.749978065490723,6.167835434277853,-30.503085454305015,5.585272312164307
-5.987666606903076,-18.950282605489093,5.919443003336589,-30.440052286783853,5.570326765378317
-5.671807765960693,-18.66976521809896,5.871307333310445,-30.09377619425456,5.552703619003296
-6.082819938659667,-18.74508762359619,6.4702624956766766,-30.78685557047526,5.571505506833395
-5.245413303375244,-18.690791829427084,6.307331975301107,-30.580662409464516,5.582538406054179
-5.999165534973145,-18.923728879292806,5.887782208124797,-30.336185836791994,5.524674475193024
-4.556104977925618,-19.03419799804687,6.204912773768108,-30.745906575520834,5.506795863310495
-5.9465272426605225,-18.504475784301757,6.522777223587036,-30.422819391886392,5.395566304524739
-5.483038902282715,-18.70783576965332,5.814574686686198,-30.0192933400472,5.49688321352005
-5.0633796850840245,-18.782837041219075,5.873688252766927,-30.221650187174482,5.5651247302691145
-4.092811743418376,-19.03575019836426,5.9699429988861095,-30.647590637207035,5.64189749956131
-5.879960695902506,-18.97518844604492,5.653343598047892,-30.18447418212891,5.555942257245382
-3.730650027592977,-18.894537480672202,5.800722694396972,-30.498449579874674,5.8031895359357195
-6.388559500376384,-18.856816164652507,5.7189178466796875,-29.999994913736977,5.424260636170705
-4.713133255640665,-18.86495672861735,5.97146855990092,-30.303152592976886,5.466727594534556
-7.222950458526611,-18.876242065429686,6.230435721079509,-30.852678934733078,5.746000866095225
-4.002348740895589,-19.17347450256348,5.869825998942057,-30.581866582234703,5.538565715154012
-3.985260248184204,-18.9403683980306,6.0868935267130535,-30.840150578816733,5.812888602415721
-5.635477224985758,-19.055777804056802,5.88774216969808,-30.523572667439772,5.58005275328954
-8.129385471343994,-18.857978947957356,5.77136975924174,-30.19209810892741,5.5627493262290955
-5.071702082951863,-19.088254801432292,5.751762771606445,-30.623184712727863,5.783167044321696
-6.230796019236247,-19.30016860961914,5.7630424340566,-30.751639429728193,5.688427905241649
-4.141117652257283,-18.927688471476237,5.936162153879802,-30.717849985758463,5.853999356428782
-6.487845579783121,-19.26838531494141,5.887865018844605,-30.690005238850915,5.533754845460256
-4.35671051343282,-19.03508237202962,5.855562551816305,-30.706986872355145,5.8163420756657915
-5.916518688201904,-19.044363149007165,6.3384192784627285,-30.927476501464845,5.544693966706594
-4.012598872184753,-19.233982213338216,5.645859225591023,-30.64484608968099,5.765004277229309
-5.927813291549683,-19.190681711832685,6.166601896286011,-30.998964055379233,5.641680379708608
-6.0391453107198085,-18.99740295410156,5.367412503560384,-30.03504155476888,5.670225997765859
-3.8929866154988604,-19.14826431274414,6.662521107991536,-31.59666519165039,5.785880088806152
-4.019643147786458,-19.747438685099286,5.409268633524577,-30.977477264404296,5.8207699457804365
-7.0627504984537754,-19.658941396077473,5.746564308802287,-31.427050654093424,6.021544436613718
-5.389547824859619,-19.62390530904134,5.584865482648214,-31.190982564290366,5.982211311658224
-4.96468202273051,-19.40284589131673,5.995291964213053,-31.33680267333984,5.938664555549622
-4.795668045679728,-19.018957074483236,5.788781515757243,-30.468986892700194,5.66124818722407
-2.338403820991516,-19.61433499654134,5.448796176910401,-31.0447758992513,5.9816447496414185
-5.951692263285318,-19.66996930440267,5.922629761695862,-31.587110392252605,5.99451078971227
-7.56695016225179,-19.20110575358073,5.70010883808136,-30.544990666707356,5.64377607901891
-3.888562321662903,-19.4872797648112,5.025813031196594,-30.456865310668945,5.94377225637436
-4.26776393254598,-19.47822132110596,5.549375502268473,-31.05037727355957,6.022780319054922
-4.525262117385864,-19.370371627807614,6.142295344670614,-31.33014856974284,5.817481637001038
-5.371224085489909,-19.430031204223635,5.60252947807312,-30.79888127644857,5.76632022857666
-5.371628761291504,-19.63020896911621,5.654969215393066,-31.172743479410812,5.887564996878306
-3.477824290593465,-19.687212371826174,5.763054958979289,-31.47058817545573,6.020320971806845
-4.649709502855937,-19.512398783365885,5.4488792260487875,-30.91609624226888,5.954818228880564
-4.515279372533162,-19.57176653544108,5.49370539188385,-30.86756108601888,5.802089373270671
-4.787713527679443,-19.55769437154134,5.37251664797465,-30.998439661661784,6.068228741486867
-5.781881332397461,-19.52176322937012,5.949268706639608,-31.266898218790686,5.795865972836812
-3.9107273419698076,-19.634952290852866,5.691466871897379,-31.23674227396647,5.910323301951091
-4.820154349009195,-19.690199788411455,5.264572488268216,-31.008956273396812,6.054183999697367
-5.629771391550699,-19.804219309488932,5.818027003606161,-31.606931813557942,5.984685321648915
-5.17763884862264,-19.590307490030924,5.226447836558024,-30.768269348144536,5.951514184474945
-5.823348204294841,-19.56016426086426,5.417338323593139,-31.043512471516927,6.066009819507599
-4.792246560255687,-19.734387334187826,5.035703388849894,-30.62816670735677,5.858075698216756
-5.845426241556804,-19.805101267496745,5.3126350005467735,-31.27896677652995,6.161230365435283
-4.378243446350098,-19.83581123352051,5.339329846700033,-31.284715525309245,6.109574457009634
-3.636656204859415,-19.66237004597982,5.571408478418986,-31.281224441528323,6.047446171442668
-4.736055006583531,-19.699362818400065,5.68591628074646,-31.289425150553384,5.904146194458008
-3.6913944085439048,-19.639236577351888,5.295226836204529,-31.029177093505858,6.0947138865788775
-6.6819275220235195,-19.935916010538737,5.437405570348104,-31.31823031107585,5.9449089368184405
-5.3953429857889805,-20.0438975016276,5.270959599812826,-31.407907231648757,6.0930500229199716
-5.096135775248209,-19.858593877156576,5.494171380996704,-31.64873746236165,6.295972128709156
-3.7868741353352866,-19.97393226623535,5.427956056594848,-31.501401774088542,6.099513212839762
-3.926414092381795,-19.89929110209147,5.2590931574503585,-31.146814727783205,5.988430440425873
-2.748939077059428,-19.996469497680664,5.430223290125529,-31.595856602986657,6.169164041678111
-6.413532574971517,-19.877103678385414,5.543562666575115,-31.5137627919515,6.093096931775411
-4.89844528834025,-20.055059496561686,5.079835255940756,-31.25378328959147,6.118888696034749
-6.2633137702941895,-19.616855494181312,5.18625320593516,-30.745536168416344,5.942427376906077
-5.65649938583374,-20.200056457519533,5.209513648351033,-31.503334554036456,6.093764543533325
-3.452821532885234,-19.55413831075033,5.45807507832845,-31.08396682739258,6.0717531840006504
-2.233801563580831,-20.152423350016278,5.737414185206095,-32.24244588216146,6.3526082833608
-3.7716763019561768,-19.95675608317057,5.439705944061279,-31.381458409627278,5.984996298948924
-4.62320860226949,-19.725287373860677,5.814386236667634,-31.56040178934733,6.020728429158529
-5.034706751505533,-20.05252520243327,4.898405265808106,-31.072043863932286,6.12111367781957
-3.3233556648095446,-19.83892339070638,5.7447038392225895,-31.761822509765622,6.178195257981617
-3.6314582824707027,-20.04610939025879,5.6631486574808765,-31.856378682454427,6.147120614846548
-4.710833311080933,-19.85361213684082,5.531847254435221,-31.414272689819338,6.028813044230143
-3.4162323425213494,-19.572762807210285,5.25067146619161,-30.8983824412028,6.074948171774546
-4.323275089263916,-20.0850165049235,4.957025452454884,-31.16428489685059,6.122243146101633
-4.075146198272705,-20.000538380940753,4.7874806722005205,-30.90971094767253,6.12169208129247
-4.036592483520508,-19.937147267659505,5.6186045646667475,-31.665333938598636,6.109581967194876
-5.702785968780518,-19.892901992797853,5.71727598508199,-31.638670349121092,6.028492669264475
-2.8038565913836164,-20.018028259277344,5.067781464258831,-31.285095723470054,6.19928644100825
-5.691848119099935,-19.987052154541015,5.369339291254679,-31.447581990559897,6.091190179189047
-3.3730750878651934,-20.180461502075193,5.205314366022746,-31.579272969563803,6.193496962388357
-6.328409194946289,-19.651836649576826,4.679853661855062,-30.45696398417155,6.12527334690094
-5.720763524373372,-19.89158713022868,5.229535500208537,-31.120678838094076,5.999555965264639
-3.6522185007731123,-20.341294860839845,4.98388401667277,-31.710869089762372,6.385690073172252
-3.546298563480377,-19.649711990356447,5.195330683390299,-30.935212198893225,6.090169330437978
-7.291021823883057,-19.9184939066569,5.340707429250081,-31.236438369750978,5.977236767609914
-3.713627815246582,-19.777218627929688,5.533505090077718,-31.427681605021156,6.116958200931549
-4.957850456237793,-20.162447102864583,5.203638792037964,-31.586868286132812,6.22078271706899
-4.9215935071309405,-19.943718083699544,5.192805814743042,-31.164461771647133,6.027937809626262
-4.810838381449382,-20.236078770955405,4.92582856019338,-31.410479863484703,6.248572548230489
-4.089414040247599,-20.104056294759115,5.869562451044718,-32.119544982910156,6.145926217238108
-4.765816847483317,-19.999707031250004,5.213326025009156,-31.363937377929688,6.150904297828675
-3.9364086786905923,-19.80232378641764,5.316038783391317,-31.22932395935058,6.110961675643921
-3.2597746054331465,-19.928770319620767,5.279822460810343,-31.310634994506835,6.102042317390442
-5.098011056582133,-20.07069269816081,5.20273388226827,-31.471230824788414,6.19780421257019
-5.08265201250712,-20.32926712036133,5.041509278615316,-31.659000142415366,6.288223783175151
-4.946468035380045,-19.98984235127767,5.58658979733785,-31.80407689412435,6.227644244829813
-5.14958659807841,-19.584606806437176,5.361165459950765,-31.00712916056315,6.061356842517853
-3.1409118970235186,-20.634514617919923,4.57979203859965,-31.54954795837402,6.335241317749023
-3.6085478464762373,-20.21173184712728,5.228233337402344,-31.785082244873045,6.3451171318689985
-3.8973391850789385,-20.350568644205726,5.302570311228434,-31.96261927286784,6.309480528036753
-4.13890282313029,-20.195068232218425,5.260162766774496,-31.82230618794759,6.367075204849243
-3.7159744898478184,-20.0506649017334,5.497575759887695,-31.768827819824217,6.220587253570557
-4.8845406373341875,-20.516774241129557,5.038381814956665,-31.905686187744138,6.35053026676178
-5.059333483378093,-20.13391965230306,4.777677281697591,-30.966338348388675,6.054741740226745
-5.747440656026205,-20.126517486572265,4.680602916081746,-31.234742609659826,6.427622417608897
-5.223460833231608,-20.091191228230795,4.932070140043894,-31.14022115071615,6.116959810256958
-3.4350723028182983,-20.532126490275065,5.388050699234008,-32.49387664794922,6.573699573675792
-3.0205318133036294,-20.580860392252603,5.566153971354167,-32.67624282836914,6.529228210449219
-4.522231737772623,-20.476312510172527,5.418149836858114,-32.068410491943354,6.173948367436727
-5.8630595207214355,-20.286498387654625,5.2193514982859295,-31.86453132629395,6.358681122461955
-3.2357290585835776,-20.012478828430176,5.325033471981685,-31.782346598307292,6.444834411144257
-5.1697767575581866,-20.419710795084637,5.042887258529663,-31.698963038126628,6.236365020275117
-4.801539580027263,-20.142714055379233,5.316663177808126,-31.767888387044266,6.30851137638092
-3.953824480374654,-20.62613779703776,4.76074595451355,-31.88435325622558,6.497469484806061
-3.666140476862589,-20.23945477803548,5.231982358296713,-31.75134595235189,6.279908716678619
-4.192064841588338,-20.616600799560548,5.437659994761149,-32.45874417622884,6.404483616352081
-2.8303410212198896,-20.421617253621417,5.044628222783406,-31.87490259806315,6.408657352129618
-5.085660934448242,-20.25414250691732,5.067878278096517,-31.55792147318522,6.235900719960531
-3.9058297475179033,-20.16688804626465,5.090954271952311,-31.464737828572588,6.206895569960277
-4.573243061701456,-20.082477060953778,4.95378999710083,-31.357005310058597,6.320738097031912
-4.751938263575235,-20.34953447977702,5.308532150586445,-32.003363800048824,6.3452970782915745
-5.851364930470785,-20.388744735717776,4.254890433947246,-30.989283498128252,6.345648566881815
-6.739672819773356,-20.469334030151366,4.6475096066792805,-31.526925532023114,6.41008178393046
-4.55562025308609,-20.450106938680012,4.644894860188167,-31.402290217081706,6.307288289070129
-5.070038477579752,-20.95507888793945,4.7215150992075605,-32.109074147542316,6.432480335235596
-3.6442869504292807,-20.39576517740885,4.83658910592397,-31.855230458577473,6.622876405715942
-3.9917411009470625,-20.790430704752605,5.262159204483033,-32.442311477661136,6.389721512794495
-4.536618868509928,-20.189983749389647,4.819459851582845,-31.448972447713217,6.439528505007425
-2.369873682657878,-20.380739593505858,5.05005247592926,-31.715263748168944,6.284471193949382
-3.568976561228434,-20.356740442911786,5.419193458557129,-32.36433397928874,6.588400284449259
-3.6646030743916826,-20.24954299926758,5.108213965098063,-31.56842905680338,6.210672001043955
-3.362916469573975,-20.655650202433268,5.159000968933105,-32.252328618367514,6.43767746289571
-5.867976983388266,-20.263683573404947,5.077377573649088,-31.643761316935223,6.302700320879618
-3.109370708465576,-20.680935923258463,5.072463957468669,-32.12445386250813,6.3710538148880005
-5.526823361714681,-20.2504825592041,5.407651710510254,-32.04202105204264,6.383886635303497
-5.072523593902588,-20.590316009521484,4.395838491121928,-31.285816446940107,6.299661835034689
-4.026272376378378,-20.507582728068034,4.717961019277572,-31.829783376057946,6.604239662488302
-3.052729566891988,-20.63258285522461,4.858328048388163,-31.994947306315105,6.5040364662806205
-3.9466870625813804,-21.03911018371582,5.3753036181131995,-33.01252466837565,6.598110795021057
-4.335149923960368,-20.173031616210935,4.76551710764567,-31.260265350341797,6.321716388066609
-2.6691097964843116,-20.669585164388018,4.409279751777649,-31.64377466837565,6.564909855524698
-4.273513952891032,-20.2997984568278,5.225379999478658,-31.833713277180983,6.308534363905588
-2.854075153668721,-20.300341924031578,4.730790710449219,-31.569081497192386,6.537948727607727
-5.539828856786092,-20.586376063028972,6.009225265185038,-32.89307479858398,6.297473470369974
-3.431114912033081,-20.389822642008465,4.547906279563904,-31.40117696126302,6.463447908560436
-3.496012489000956,-20.62350056966146,5.138386329015096,-32.04990272521973,6.2880157232284555
-6.3695502281188965,-20.308011627197267,5.5504958470662435,-32.261071014404294,6.402563254038492
-3.8414281805356345,-20.70205675760905,4.4951459487279255,-31.814835866292313,6.617633203665415
-4.721657752990723,-20.368067423502605,4.5356288790702814,-31.290093994140623,6.38639791806539
-5.55320930480957,-20.500037892659506,5.385524050394695,-32.26824658711752,6.382684787114462
-4.491309483846028,-20.45117937723796,4.633489755789439,-31.590300877888996,6.505631844202678
-3.968670765558879,-20.664332580566406,4.68780304590861,-31.652412796020506,6.3002769947052
-4.3436808586120605,-20.474320602416995,5.091608126958211,-32.276650492350264,6.710721333821615
-5.78533919652303,-20.492659632364912,4.951820862293243,-31.773629887898764,6.3291495243708304
-3.0289385120073957,-20.466975275675455,4.476456769307454,-31.542655309041344,6.599223097165426
-5.937976837158203,-20.66173947652181,4.804027406374614,-31.71994794209798,6.254181067148844
-4.572777112325032,-20.54189936319987,4.683687885602316,-31.90816586812337,6.682578702767691
-2.9169464906056723,-20.660999552408857,4.609400733311971,-31.972721608479816,6.702321449915567
-4.056517442067465,-20.934871927897134,5.188589302698771,-32.68783289591471,6.564371347427368
-5.321596026420593,-20.28628946940104,4.822899266084035,-31.40375633239746,6.294567386309306
-5.809228499730429,-20.346153831481935,4.440266410509746,-31.077252070109047,6.290831744670868
-5.0273473262786865,-20.417729949951173,4.553075313568115,-31.500798924764,6.529993812243143
-2.8091291685899096,-20.714266204833987,4.635112730662028,-31.99287796020508,6.643498778343201
-5.02181855837504,-20.858443578084312,4.575802604357402,-31.89597384134928,6.461727579434713
-4.862161159515381,-20.89104461669922,4.960782798131307,-32.46748059590658,6.615653077761332
-5.145428816477457,-20.24408073425293,4.482967027028401,-30.97550214131673,6.2484538952509565
-4.024404843648275,-20.828194554646807,4.918313558896382,-32.40759887695313,6.661090850830078
-3.7844056288401284,-20.541193771362305,4.553776454925537,-31.552105458577472,6.457135279973347
-4.582279125849405,-20.448057174682617,5.36323545773824,-32.15172170003255,6.340429047743479
-3.757418950398763,-20.673115666707357,4.657301092147827,-31.932486597696943,6.602070252100627
-4.276466925938925,-20.601057942708334,4.662248078982036,-31.723210652669273,6.459904750188192
-3.9981199602286024,-20.44279301961263,4.806673975785572,-31.81517524719238,6.56570827960968
-5.804933389027914,-20.557245127360023,5.055087868372599,-31.878788757324216,6.266456027825674
-3.600989063580831,-20.93641726175944,4.565909973780314,-32.106414159139,6.604086995124817
-4.4301590124766035,-20.98985455830892,4.373210461934407,-32.05986353556315,6.6967984437942505
-4.793291091918945,-21.02668711344401,4.879319858551026,-32.48585497538248,6.579847653706867
-4.18002462387085,-20.751239903767903,4.679188934961954,-32.160875193277995,6.730445663134256
-2.086776942014694,-20.94802017211914,4.543868307272593,-32.310138829549146,6.818250417709351
-3.2450530529022217,-20.559470876057944,4.57039868036906,-31.743923823038735,6.614054222901663
-2.8204359213511148,-20.89789098103841,4.717325417200724,-32.10504417419433,6.489827871322632
-4.6801776091257725,-20.258287302652995,4.992171279589336,-31.753580093383793,6.503121415774028
-4.672420819600423,-20.672938537597656,4.64910052617391,-31.804127756754554,6.482088526089986
-3.9446696043014526,-20.461036427815756,4.420393371582031,-31.364073435465492,6.482643882433573
-5.877529303232828,-20.57088343302409,5.1477989673614495,-32.192307790120445,6.473625242710114
-3.7976341247558594,-20.543288548787434,4.583048474788666,-31.59672406514486,6.470386902491253
-3.649104396502177,-20.116139094034832,4.657192770640055,-31.13385976155599,6.36052789290746
-1.9619322220484416,-20.279840977986655,4.987354771296184,-31.834249114990236,6.5670535763104745
-2.6852254668871565,-21.091777420043947,5.018846845626831,-32.60598958333334,6.495365500450134
-3.6292593876520787,-20.868496704101563,4.7980420271555575,-32.22048352559408,6.553945064544678
-5.489190101623535,-20.22175750732422,4.727820269266765,-31.28722457885742,6.3376464645067845
-4.132481813430786,-20.931264241536457,4.54649133682251,-32.102054595947266,6.624298810958862
-3.248001019159953,-20.562527465820313,4.636608056227366,-31.7498722076416,6.550736963748932
-3.696803132692973,-20.833407974243165,4.5127680778503425,-31.990819676717123,6.644643545150757
-5.82096004486084,-20.825892639160156,4.974896349509557,-32.258155314127606,6.457366228103638
-5.2506615320841465,-20.40693473815918,4.75789999961853,-31.805388005574542,6.64055335521698
-1.7494253317515056,-20.786802927652996,4.396304893493652,-31.62132949829102,6.43822181224823
-4.74758783976237,-20.74366734822591,5.115769735972087,-32.41356557210287,6.554128527641296
-3.828600486119588,-20.746147028605144,4.677155264218648,-32.02568842569987,6.602386275927225
-3.8394228617350263,-20.411468251546225,4.94034153620402,-31.903226089477535,6.551416218280792
-4.785267353057861,-20.6382443745931,4.986815357208251,-32.0415906270345,6.416531244913736
-4.337680339813232,-20.56757558186849,4.169159205754598,-31.350431569417317,6.613696734110515
-3.003090302149455,-20.757891082763674,4.669416681925456,-31.96432011922201,6.53701239824295
-5.147212664286296,-20.82918510437012,4.5459963480631504,-31.981383514404293,6.606202244758606
-3.249918381373088,-20.241171137491865,4.791158095995585,-31.428344345092775,6.396015008290608
-2.4421000878016157,-21.023864873250325,4.460599622130394,-32.271752675374344,6.7872878710428886
-3.2538916269938154,-20.920509974161785,4.6301713466644285,-32.13868522644043,6.588003834088644
-4.069907347361247,-20.600430806477867,4.995562918980916,-32.2569684346517,6.660974701245626
-4.052622477213541,-20.790707270304363,4.266663114229838,-31.62680854797363,6.569438298543295
-5.355056683222453,-21.044152832031248,4.7669502417246505,-32.52133560180664,6.7102326552073155
-1.734646052122116,-20.938099034627278,3.9533992687861126,-31.504186375935873,6.612688660621643
-4.5479237238566075,-20.833101399739583,5.005609214305877,-32.4603998819987,6.621689438819885
-4.91130510965983,-20.83548444112142,4.888949712117513,-32.313928095499676,6.589494287967682
-3.690966546535492,-20.839764149983726,4.5028013865153,-31.962553532918292,6.6199880838394165
-5.775307019551596,-20.656756019592287,4.740628059705099,-32.253520456949865,6.856135924657185
-2.7461615800857544,-20.87712338765462,4.1103272596995035,-31.527773793538415,6.540322860081991
-4.377518653869629,-21.125113423665365,4.791931788126628,-32.70085131327311,6.783806403477986
-3.2337888677914934,-21.223437881469728,4.9271929383277895,-32.8428955078125,6.692264676094055
-4.071388641993205,-20.929557291666665,4.877876806259155,-32.603974151611325,6.796540240446726
-1.457940697669983,-21.111648305257162,5.099045566717784,-33.169587453206375,6.958893537521362
-5.423371950785319,-21.045763270060224,5.165901263554891,-32.66314125061035,6.451476812362671
-4.1008459726969395,-20.664570871988932,4.715399368604024,-32.06700668334961,6.687036653359732
-4.4939123789469395,-20.81431007385254,4.64888288974762,-32.007872899373375,6.544679959615071
-1.8794836203257244,-20.69953155517578,4.866264883677165,-32.14950892130533,6.5837119817733765
-4.250865777333578,-21.148596700032556,5.041864236195882,-32.937018966674806,6.7465576728185015
-3.921225070953369,-20.990147908528645,4.85204959710439,-32.52699610392253,6.6847987572352086
-4.775344292322794,-20.599336751302083,4.709481239318848,-31.785844548543295,6.477026343345641
-3.35712198416392,-20.67526340484619,5.076033846537272,-32.48382059733073,6.7325233817100525
-4.297182718912761,-20.99994328816732,4.606659364700318,-32.28980662027995,6.6832040150960275
-4.436183611551921,-20.84142125447591,4.603249740600586,-32.04320678710937,6.598535537719727
-2.952210307121277,-21.163239034016925,4.696148928006489,-32.65462748209635,6.795239428679148
-4.237402359644571,-20.243898137410483,5.209490617116293,-31.99252802530924,6.5391393105189
-3.8477734724680586,-20.809459686279297,4.481059352556864,-31.760615158081055,6.470096071561178
-4.911567052205403,-20.434602355957033,4.9327242533365885,-31.86601689656575,6.498690386613211
-5.3661924203236895,-20.9616268157959,4.758513442675273,-32.39700787862142,6.676867842674255
-3.904316584269206,-21.225505828857422,4.487086749076843,-32.33205871582031,6.619465867678324
-3.497603972752889,-20.611790466308594,4.515140748023987,-32.03104782104492,6.904116690158844
-3.7551157474517822,-20.957868830362955,4.817371781667074,-32.46880785624187,6.693567355473837
-5.683217525482178,-20.639165496826173,5.109683847427369,-32.20912831624349,6.460278749465942
-4.93868891398112,-21.121654001871747,3.9284686923027037,-31.882912445068357,6.832790056864422
-4.715544700622559,-20.99610366821289,3.949730241298676,-31.635081736246747,6.689247866471609
-3.826305389404297,-21.18809305826823,4.260333112875621,-32.25831832885742,6.809892257054646
-2.501450628042221,-21.100329717000328,4.379336568713189,-32.12174021402995,6.6420741478602086
-7.629926999409992,-20.889612579345705,4.821918058395386,-32.530666224161784,6.819135944048563
-3.2477529843648276,-20.82906265258789,4.1797480344772335,-31.672985712687176,6.664174894491832
-3.0927987893422446,-21.123147328694664,4.476234682401021,-32.361563237508136,6.762181282043457
-4.535107374191284,-20.743109385172527,4.733835283915202,-32.158547973632814,6.681603829065959
-2.953242301940918,-20.7486213684082,4.7700049479802455,-32.073889287312824,6.555262962977092
-3.39289395014445,-20.954884338378903,4.961780230204265,-32.661170323689774,6.744505882263184
-5.1863376299540205,-20.733348719278972,4.657276201248169,-31.999605178833008,6.60897970199585
-2.7002302010854087,-20.575115839640297,4.872047710418701,-31.90490595499675,6.457742174466452
-6.426811536153158,-20.95747324625651,4.46945964495341,-32.19922612508138,6.77229340871175
-4.2093517780303955,-20.498706181844078,4.2992436935504275,-31.26506462097168,6.467114647229511
-3.1302943229675293,-21.059412002563477,4.787202676137288,-32.554633712768556,6.708018799622854
-3.353608926137288,-20.597759373982747,4.831188853581747,-32.065600331624346,6.636652251084646
-5.31934388478597,-20.698177846272785,4.580856164296469,-31.871618525187174,6.592584292093914
-2.327584584554036,-20.664112854003907,4.575503698984782,-31.81826032002767,6.57864393790563
-5.8135840098063145,-21.140461858113607,4.904772806167603,-32.824594497680664,6.77936013539632
-5.001291910807291,-21.08377342224121,4.457493623097738,-32.279807535807294,6.738540689150492
